order,source,IID1,IID2,FID,H1,H3,S5,S8,Note
2,wild,G0122,G0122,02.MH,619,522,34.56688764,1.661850911,
2,wild,G0132,G0132,02.MH,619,524,48.95023227,1.689908135,
2,wild,G0153,G0153,02.MH,628,533,47.73714282,1.778571729,
2,wild,G0185,G0185,02.MH,619,523,34.7019959,1.690384199,
2,wild,G0193,G0193,02.MH,619,522,32.82961084,1.666480263,
2,wild,G0206,G0206,02.MH,626,527,53.6975129,1.701036407,
2,wild,G0248,G0248,02.MH,618,520,49.81970829,1.635977599,
2,wild,G0264,G0264,02.MH,620,524,47.68178369,1.676291244,
2,wild,G0300,G0300,02.MH,618,523,23.60997977,1.610584665,
2,wild,G0774,G0774,02.MH,637,522,29.82668982,1.750745517,
2,wild,G101,G101,02.MH,620,533,17.07773738,2.67762289,
2,wild,G107,G107,02.MH,618,521,34.11049936,1.654367665,
2,wild,G111,G111,02.MH,626,525,52.00070762,1.713922084,
2,wild,G115,G115,02.MH,620,547,13.14152355,3.00433754,
2,wild,G118,G118,02.MH,619,516,24.32800614,1.593643937,
2,wild,G163,G163,02.MH,618,519,33.85366492,1.627691689,
2,wild,G169,G169,02.MH,617,527,36.66270262,1.688561626,
2,wild,G183,G183,02.MH,618,520,38.96650444,1.623690436,
2,wild,X101,X101,02.MH,620,533,17.07773738,2.67762289,
2,wild,X102,X102,02.MH,620,521,17.50082072,2.363792187,
2,wild,X103,X103,02.MH,620,528,13.24992527,2.553949729,
2,wild,X104,X104,02.MH,620,546,15.41832626,3.027113557,
2,wild,X105,X105,02.MH,620,548,11.46728551,3.047449411,
2,wild,X106,X106,02.MH,620,537,11.18012486,2.678425558,
2,wild,X107,X107,02.MH,620,532,16.04631494,2.653992865,
2,wild,X108,X108,02.MH,620,535,12.82373249,2.728953531,
2,wild,X109,X109,02.MH,620,531,14.14355752,2.624707401,
2,wild,X11,MH04,02.MH,620,529,16.34890281,2.607008051,
2,wild,X110,X110,02.MH,620,541,14.4860026,2.844874321,
2,wild,X113,X113,02.MH,620,524,13.57686232,2.502098698,
2,wild,X114,X114,02.MH,620,524,13.52623825,2.508704807,
2,wild,X115,X115,02.MH,620,547,13.14152355,3.00433754,
2,wild,X116,X116,02.MH,620,545,11.1485343,2.971878038,
2,wild,X117,X117,02.MH,620,533,14.0284949,2.677282282,
2,wild,X118,X118,02.MH,620,535,14.54102645,2.692365076,
2,wild,X119,X119,02.MH,620,549,10.98191005,2.939937876,
2,wild,X12,X12,02.MH,620,532,14.47748466,2.632382567,
2,wild,X120,X120,02.MH,620,546,12.01978366,2.840941311,
2,wild,X121,X121,02.MH,620,532,15.71352999,2.651351325,
2,wild,X122,X122,02.MH,600,538,21.22183002,3.467145778,
2,wild,X123,X123,02.MH,620,538,15.66889082,2.78673888,
2,wild,X13,X13,02.MH,620,526,14.83385972,2.536355275,
2,wild,X14,MH05,02.MH,620,526,13.24853683,2.492779029,
2,wild,X16,X16,02.MH,620,532,14.01959804,2.648546788,
2,wild,X17,MH06,02.MH,620,534,14.08218797,2.699245005,
2,wild,X19,MH07,02.MH,620,529,15.50427958,2.543423942,
2,wild,X20,MH08,02.MH,620,524,15.34259496,2.500487402,
2,wild,X22,MH09,02.MH,620,537,16.235745,2.776126732,
2,wild,X24,MH10,02.MH,620,543,13.88364577,2.87820043,
2,wild,X25,MH11,02.MH,620,521,17.3051091,2.306159408,
2,wild,X27,X27,02.MH,620,532,18.43777777,2.609769014,
2,wild,X28,MH12,02.MH,620,534,12.86277517,2.691128697,
2,wild,X29,MH13,02.MH,620,543,12.52272524,2.823378822,
2,wild,X31,MH14,02.MH,620,528,14.74307899,2.550298116,
2,wild,X32,MH15,02.MH,620,530,16.47865848,2.603162769,
2,wild,X33,MH16,02.MH,620,528,15.70126511,2.564302459,
2,wild,X34,MH17,02.MH,620,532,15.29855471,2.680212243,
2,wild,X35,MH18,02.MH,620,539,13.99033799,2.841255575,
2,wild,X36,MH19,02.MH,620,530,16.96104409,2.590709605,
2,wild,X37,MH20,02.MH,620,527,15.0959063,2.533321687,
2,wild,X39,X39,02.MH,620,532,16.1570241,2.648208427,
2,wild,X42,X42,02.MH,620,515,11.92915567,2.376966122,
2,wild,X43,X43,02.MH,620,526,19.57086491,2.521530394,
2,wild,X44,X44,02.MH,620,529,15.79583343,2.556136836,
2,wild,X46,X46,02.MH,600,540,13.96625363,3.413692667,
2,wild,X47,X47,02.MH,620,523,12.79928359,2.519572394,
2,wild,X48,X48,02.MH,620,532,15.02739514,2.689366571,
2,wild,X49,X49,02.MH,620,535,15.23971442,2.714002293,
2,wild,X50,X50,02.MH,620,532,17.50170216,2.661244692,
2,wild,X52,X52,02.MH,620,526,16.9392858,2.556381777,
2,wild,X54,X54,02.MH,620,524,12.81036077,2.546997401,
2,wild,X55,X55,02.MH,620,524,19.63717991,2.454748482,
2,wild,X56,X56,02.MH,620,523,20.61576655,2.387967019,
2,wild,X58,X58,02.MH,620,525,20.28201055,2.513719102,
2,wild,X59,X59,02.MH,620,516,13.34137824,2.367677664,
2,wild,X6,MH01,02.MH,620,530,17.58909461,2.6110432,
2,wild,X60,X60,02.MH,620,521,21.04765027,2.458200025,
2,wild,X61,X61,02.MH,620,525,14.87893536,2.585375815,
2,wild,X62,X62,02.MH,620,533,14.28502256,2.679352973,
2,wild,X63,X63,02.MH,620,521,18.13422561,2.3927911,
2,wild,X64,X64,02.MH,620,533,21.12682247,2.688614986,
2,wild,X65,X65,02.MH,620,536,18.65170786,2.762682243,
2,wild,X66,X66,02.MH,620,538,23.75585534,2.801922397,
2,wild,X7,MH02,02.MH,620,537,15.83223174,2.757781482,
2,wild,X70,X70,02.MH,620,538,18.30926758,2.766927658,
2,wild,X71,X71,02.MH,620,533,21.77748159,2.649847866,
2,wild,X75,X75,02.MH,620,528,17.30037108,2.611820866,
2,wild,X76,X76,02.MH,620,521,16.93853539,2.417372587,
2,wild,X80,X80,02.MH,620,539,18.31077388,2.813080472,
2,wild,X81,X81,02.MH,620,533,15.45207363,2.660032048,
2,wild,X83,X83,02.MH,620,541,18.57260316,2.82723948,
2,wild,X84,X84,02.MH,620,541,16.28691399,2.784019087,
2,wild,X85,X85,02.MH,620,537,16.12375252,2.712460869,
2,wild,X86,X86,02.MH,600,542,22.10102565,3.562360296,
2,wild,X87,X87,02.MH,620,536,16.82477908,2.784543763,
2,wild,X88,X88,02.MH,620,524,13.83822626,2.463846668,
2,wild,X89,X89,02.MH,620,535,14.29396741,2.748353496,
2,wild,X9,MH03,02.MH,619,524,12.31993573,2.497608953,
2,wild,X90,X90,02.MH,620,542,13.46013082,2.896005033,
2,wild,X93,X93,02.MH,620,527,18.81433381,2.476856524,
2,wild,X94,X94,02.MH,620,531,14.41677778,2.617292027,
2,wild,X95,X95,02.MH,620,523,20.12824263,2.452259831,
2,wild,X96,X96,02.MH,620,521,19.68937532,2.398468523,
2,wild,X97,X97,02.MH,620,530,21.40015617,2.574647588,
2,wild,X98,X98,02.MH,620,531,13.13568736,2.596053329,
2,wild,X99,X99,02.MH,620,524,17.11086871,2.506508758,
3,wild,X74135,EL01,03.EL,620,542,25.38313661,2.840979257,
3,wild,X74137,EL03,03.EL,620,521,24.06605292,2.437387807,
3,wild,X74140,EL05,03.EL,620,524,27.69061247,2.442320634,
3,wild,X74141,EL06,03.EL,620,541,26.84561685,2.810599322,
3,wild,X74142,EL07,03.EL,620,538,23.47373331,2.791445979,
3,wild,X74144,EL08,03.EL,620,535,21.48531873,2.748660849,
3,wild,X74145,EL09,03.EL,620,542,26.18758655,2.856657015,
3,wild,X74146,EL10,03.EL,620,529,28.39259409,2.524991764,
3,wild,X74147,EL11,03.EL,620,533,22.71486724,2.686640878,
3,wild,X74150,EL13,03.EL,620,532,23.40307867,2.626871288,
3,wild,X74151,EL14,03.EL,620,534,20.14561633,2.675581685,
3,wild,X74152,EL15,03.EL,620,530,15.60044794,2.572080954,
4,wild,G250,G250,04.NL,610,521,27.37888863,1.645760279,
4,wild,G276,G276,04.NL,626,526,44.64577096,1.715865814,
4,wild,W2994,W2994,04.NL,617,517,33.92679971,1.650777002,
4,wild,X201,NL01,04.NL,620,539,18.01881427,2.647720576,
4,wild,X203,NL03,04.NL,620,542,14.38713261,2.721703205,
4,wild,X204,NL04,04.NL,620,514,15.76701445,2.357499394,
4,wild,X206,X206,04.NL,620,543,14.33752707,2.730879019,
4,wild,X207,NL05,04.NL,620,523,14.15299638,2.434100859,
4,wild,X208,NL06,04.NL,620,526,16.77127069,2.50770696,
4,wild,X209,NL07,04.NL,620,533,16.52571177,2.619918505,
4,wild,X210,X210,04.NL,600,539,14.71989886,3.222657937,
4,wild,X212,NL08,04.NL,600,551,18.10308319,3.617575137,
4,wild,X213,NL09,04.NL,620,527,17.53460395,2.57598777,
4,wild,X214,NL10,04.NL,620,529,21.61368143,2.566170304,
4,wild,X215,NL11,04.NL,620,517,12.99183324,2.407849257,
4,wild,X216,NL12,04.NL,620,516,25.39706503,2.264085569,
4,wild,X217,NL13,04.NL,620,524,21.00131718,2.554893917,
4,wild,X218,NL14,04.NL,620,518,25.28677121,2.345662564,
4,wild,X219,NL15,04.NL,620,520,24.53632435,2.351875879,
4,wild,X220,NL16,04.NL,620,524,17.17953803,2.532036788,
4,wild,X221,NL17,04.NL,620,514,18.55551607,2.278955635,
4,wild,X222,NL18,04.NL,620,516,17.34362111,2.317540905,
4,wild,X223,NL19,04.NL,600,534,13.96724105,3.061279452,
4,wild,X244,NL20,04.NL,619,521,30.39013275,2.481820599,
4,wild,X245,NL21,04.NL,617,520,29.10129672,2.433523093,
4,wild,X246,X246,04.NL,618,525,31.59806615,2.519354188,
4,wild,X248,X248,04.NL,618,523,33.84367311,2.480845315,
4,wild,X249,X249,04.NL,619,518,20.20970202,2.398106304,
4,wild,X250,X250,04.NL,620,532,25.53204962,2.672584277,
4,wild,X261,X261,04.NL,619,523,27.18184871,2.49839353,
4,wild,X264,X264,04.NL,618,524,28.95075055,2.473972098,
4,wild,X265,X265,04.NL,618,535,23.38356542,2.572229633,
4,wild,X266,X266,04.NL,620,539,27.45062216,2.660585122,
4,wild,X267,X267,04.NL,620,529,24.92726802,2.594057929,
4,wild,X268,X268,04.NL,618,523,26.41010142,2.51740319,
4,wild,X269,X269,04.NL,619,522,27.05449477,2.42548942,
4,wild,X270,X270,04.NL,618,538,25.93538468,2.63876358,
4,wild,X272,X272,04.NL,611,532,24.18540607,2.522401665,
4,wild,X273,X273,04.NL,618,525,28.7126028,2.563979428,
4,wild,X275,X275,04.NL,600,547,17.0901043,3.708002934,
4,wild,X276,X276,04.NL,620,539,29.28397661,2.726490728,
4,wild,X281,X281,04.NL,618,544,22.11069412,2.644915361,
4,wild,X282,X282,04.NL,618,523,25.32067437,2.519035057,
4,wild,X283,X283,04.NL,618,523,32.79997219,2.470262192,
4,wild,X284,X284,04.NL,617,523,26.74321534,2.475215104,
4,wild,X285,X285,04.NL,618,527,30.70346873,2.561481306,
4,wild,X286,X286,04.NL,618,535,20.23576363,2.570433921,
4,wild,X287,X287,04.NL,619,533,29.9641772,2.64057573,
4,wild,X289,X289,04.NL,618,519,27.70133924,2.388698536,
5,wild,X44501,SV25,05.SV,645,542,46.16692681,1.95491297,
5,wild,X44502,SV26,05.SV,663,552,54.06937793,2.071522102,
5,wild,X44503,SV27,05.SV,671,539,55.96053331,1.967805807,
5,wild,X44504,SV28,05.SV,664,543,44.59637309,1.950693696,
5,wild,X44505,SV29,05.SV,669,542,57.41928219,1.964511261,
5,wild,X44506,SV30,05.SV,646,545,55.72948046,2.023322312,
5,wild,X44507,SV31,05.SV,669,541,59.67943418,1.952795614,
5,wild,X44508,SV32,05.SV,680,546,49.2974512,2.01478596,
5,wild,X44509,SV33,05.SV,672,552,51.13738926,2.068449085,
5,wild,X44510,SV34,05.SV,645,544,56.18818258,2.009168588,
5,wild,X44513,SV36,05.SV,647,540,52.92664083,1.949510473,
5,wild,X44514,SV37,05.SV,671,552,58.04401549,2.046192952,
5,wild,X44515,SV38,05.SV,662,547,57.88355736,2.023492952,
5,wild,X44516,SV39,05.SV,646,541,66.63994404,1.977099804,
5,wild,X44517,SV40,05.SV,662,549,61.00698103,2.042696589,
5,wild,X44518,SV41,05.SV,663,546,57.45986628,2.034824996,
5,wild,X44519,SV42,05.SV,662,553,57.20483144,2.079415903,
5,wild,X44521,SV44,05.SV,672,551,63.66845178,2.083229263,
5,wild,X44522,SV45,05.SV,647,547,51.66011233,1.998284288,
5,wild,X44523,SV46,05.SV,645,538,52.55126168,1.926355303,
5,wild,X44524,SV47,05.SV,645,548,49.86240162,2.00693363,
5,wild,X44527,SV50,05.SV,645,545,62.87965154,2.018468626,
5,wild,X44528,SV51,05.SV,647,550,55.66029934,2.06983909,
5,wild,X44529,SV52,05.SV,645,538,46.16285093,1.912662556,
5,wild,X44531,SV54,05.SV,645,540,48.57511282,1.947437158,
5,wild,X44532,SV55,05.SV,672,546,48.18356118,2.000925369,
5,wild,X44533,SV56,05.SV,645,546,46.54505544,1.981754079,
5,wild,X44534,SV57,05.SV,646,546,48.11281622,1.989158111,
5,wild,X44535,SV58,05.SV,671,550,50.80817503,2.044396178,
5,wild,X44536,SV59,05.SV,645,548,53.2751434,2.031864442,
5,wild,X44537,SV60,05.SV,646,554,57.10394708,2.090582,
5,wild,X44538,SV61,05.SV,646,543,49.62490421,1.989163919,
5,wild,X44539,SV62,05.SV,661,543,47.79830199,1.990673444,
5,wild,X44540,SV63,05.SV,671,549,50.38389968,2.056051665,
5,wild,X44541,SV64,05.SV,646,545,52.3276535,2.007901885,
5,wild,X44542,SV65,05.SV,645,542,51.08736842,1.976999819,
5,wild,X44543,SV66,05.SV,647,539,57.28687095,1.962386608,
5,wild,X44544,SV67,05.SV,646,547,55.24752414,2.03403986,
5,wild,X44545,SV68,05.SV,645,539,46.4830587,1.9223687,
5,wild,X44546,SV69,05.SV,645,537,49.98665189,1.916649473,
5,wild,X44547,SV70,05.SV,662,545,52.93442344,2.011792704,
5,wild,X44548,SV71,05.SV,645,544,47.34634068,1.958019054,
5,wild,X44549,SV72,05.SV,670,549,44.11804693,2.017464173,
5,wild,X44550,SV73,05.SV,662,548,49.44707106,2.019111922,
5,wild,X44551,SV74,05.SV,662,545,52.8246279,2.01235284,
5,wild,X44552,SV75,05.SV,645,537,41.05318799,1.892597427,
5,wild,X44553,SV76,05.SV,662,543,48.08772079,1.970708415,
5,wild,X44555,SV78,05.SV,665,554,60.11728967,2.113762641,
5,wild,X44556,SV79,05.SV,664,545,62.05917001,2.04037358,
5,wild,X44557,SV80,05.SV,646,548,52.50821926,2.025107251,
5,wild,X44558,SV81,05.SV,671,543,48.89924068,1.98365718,
5,wild,X44559,SV82,05.SV,673,545,50.72948306,2.000986092,
5,wild,X44561,SV84,05.SV,670,547,49.34530862,2.006957046,
5,wild,X44562,SV85,05.SV,671,544,63.39039269,1.996771842,
5,wild,X44563,SV86,05.SV,663,545,49.68778539,1.999950973,
5,wild,X44565,SV88,05.SV,660,550,53.88616825,2.045010638,
5,wild,X44566,SV89,05.SV,662,547,52.96069454,2.019289843,
5,wild,X44567,SV90,05.SV,666,555,56.83580939,2.107499988,
5,wild,X44568,SV91,05.SV,666,553,42.25253807,2.05031952,
5,wild,X44570,SV93,05.SV,671,547,52.40434626,2.026399493,
5,wild,X44572,SV95,05.SV,671,546,62.93803355,2.045135332,
5,wild,X44573,SV96,05.SV,672,545,55.92632685,2.010293402,
5,wild,X44638,SV102,05.SV,644,534,51.88270138,1.912195931,
5,wild,X44639,SV103,05.SV,645,541,48.50179655,1.939875124,
5,wild,X44640,SV104,05.SV,644,543,47.12306675,1.921876107,
5,wild,X44641,SV105,05.SV,645,537,47.96530488,1.917328256,
5,wild,X44642,SV106,05.SV,645,540,60.05466309,1.957396112,
5,wild,X44643,SV107,05.SV,644,540,53.29430851,1.915989101,
5,wild,X44644,SV108,05.SV,645,540,51.70326239,1.968864607,
5,wild,X44645,SV109,05.SV,677,539,60.95451701,1.950899222,
5,wild,X44646,SV01,05.SV,645,544,51.06437409,1.961591892,
5,wild,X44647,SV02,05.SV,662,544,58.067432,2.013730774,
5,wild,X44648,SV03,05.SV,667,549,53.24697165,2.060411546,
5,wild,X44649,SV04,05.SV,662,540,50.12782326,1.940744488,
5,wild,X44650,SV05,05.SV,660,538,60.950305,1.945752879,
5,wild,X44651,SV06,05.SV,661,546,51.91464208,1.990929409,
5,wild,X44652,SV07,05.SV,646,544,55.78410635,2.004968969,
5,wild,X44653,SV08,05.SV,662,539,58.86847295,1.958530068,
5,wild,X44654,SV09,05.SV,662,544,56.20837353,2.001996334,
5,wild,X44655,SV10,05.SV,645,538,49.67979857,1.902867529,
5,wild,X44656,SV11,05.SV,676,544,55.56429153,2.008311609,
5,wild,X44657,SV12,05.SV,643,529,45.30506041,1.824137879,
5,wild,X44658,SV13,05.SV,644,539,48.22947961,1.878667755,
5,wild,X44659,SV14,05.SV,671,555,52.54868089,2.101929356,
5,wild,X44660,SV15,05.SV,662,544,50.36531586,1.973649199,
5,wild,X44661,SV16,05.SV,645,541,52.85732125,1.970862971,
5,wild,X44662,SV17,05.SV,645,533,49.98633684,1.857994528,
5,wild,X44663,SV18,05.SV,672,549,52.68609118,2.060760713,
5,wild,X44664,SV19,05.SV,644,539,47.14513989,1.896161453,
5,wild,X44665,SV20,05.SV,644,533,44.16417489,1.848779422,
5,wild,X44666,SV21,05.SV,671,549,53.29155943,2.043312543,
5,wild,X44667,SV22,05.SV,646,544,54.15034168,2.006045282,
5,wild,X44668,SV23,05.SV,645,549,48.50375939,2.018389946,
5,wild,X44669,SV24,05.SV,662,547,51.32108695,2.024316248,
5,wild,X44670,SV97,05.SV,663,546,51.56658822,2.020903729,
5,wild,X44672,SV99,05.SV,663,538,48.50448713,1.912658484,
5,wild,X44673,SV100,05.SV,663,541,48.11640198,1.937970038,
5,wild,X44674,SV101,05.SV,668,550,55.03896748,2.061244919,
8,wild,X61109,WN15,09.WN,620,533,32.20686344,2.574487591,
8,wild,X61126,WN27,09.WN,600,545,19.43965521,3.530118947,
8,wild,X61128,X61128,09.WN,620,533,24.77672347,2.503913431,
8,wild,X61130,WN20,09.WN,620,534,27.7886121,2.543846262,
8,wild,X61132,WN19,09.WN,620,540,28.94377448,2.623714852,
8,wild,X61138,WN28,09.WN,620,538,26.87994564,2.634898894,
8,wild,X61142,WN21,09.WN,620,538,25.91072394,2.578263361,
8,wild,X61146,X61146,09.WN,618,517,28.70852334,2.1760775,
8,wild,X61147,WN22,09.WN,620,522,32.09456166,2.380714222,
8,wild,X61161,X61161,09.WN,620,541,33.73958702,2.722965363,
8,wild,X61172,WN23,09.WN,620,544,25.23154778,2.765780721,
8,wild,X61184,WN24,09.WN,620,545,34.84021668,2.873879825,
8,wild,X61185,X61185,09.WN,620,538,30.77105377,2.650125164,
8,wild,X61189,WN25,09.WN,620,523,19.78976393,2.29170197,
8,wild,X61192,WN26,09.WN,620,527,30.6387982,2.368816485,
8,wild,X61315,X61315,09.WN,620,538,38.64216449,2.548094957,
8,wild,X61316,X61316,09.WN,620,539,27.02912662,2.66610371,
8,wild,X61320,X61320,09.WN,620,534,29.08517137,2.591357879,
8,wild,X61351,X61351,09.WN,620,520,27.9711511,2.303923662,
8,wild,X61369,X61369,09.WN,620,522,19.92722512,2.480764028,
8,wild,X61374,X61374,09.WN,620,544,31.18806656,2.774237846,
8,wild,X61384,X61384,09.WN,620,528,30.18717404,2.438686934,
8,wild,X61396,X61396,09.WN,620,524,21.18971393,2.458872877,
8,wild,X61556,X61556,09.WN,620,543,28.30287111,2.824281058,
8,wild,X61566,X61566,09.WN,620,530,23.25093214,2.531025737,
8,wild,X61582,X61582,09.WN,620,544,31.17044191,2.839887271,
8,wild,X61739,X61739,09.WN,620,533,21.85729357,2.530665827,
8,wild,X61757,X61757,09.WN,620,521,29.08881035,2.431914681,
8,wild,X61771,X61771,09.WN,620,519,25.05850235,2.372472422,
8,wild,X61772,X61772,09.WN,620,529,28.19779791,2.560109697,
8,wild,X61794,X61794,09.WN,620,535,27.57436767,2.627302144,
8,wild,X61855,X61855,09.WN,620,520,25.58828804,2.408665933,
8,wild,X61881,X61881,09.WN,600,558,16.42882574,3.417595,
8,wild,X61894,X61894,09.WN,620,527,29.19295452,2.517915575,
8,wild,X69534,X69534,09.WN,620,535,28.09380197,2.551050938,
8,wild,X69535,WN18,09.WN,620,535,26.55336167,2.577210118,
8,wild,X69558,X69558,09.WN,620,518,32.09421448,2.210159429,
8,wild,X69563,X69563,09.WN,620,543,33.29510982,2.777675101,
8,wild,X69565,X69565,09.WN,620,545,32.0302978,2.863055609,
8,wild,X69571,X69571,09.WN,620,524,26.97396013,2.522062116,
8,wild,X69574,X69574,09.WN,620,521,31.16128007,2.284484447,
8,wild,X69575,X69575,09.WN,620,524,32.94633387,2.360941763,
8,wild,X69577,X69577,09.WN,600,540,16.9629451,3.23346328,
8,wild,X69578,X69578,09.WN,620,530,27.98845931,2.558571536,
8,wild,X69579,X69579,09.WN,620,533,33.06299814,2.537480484,
8,wild,X69580,X69580,09.WN,620,527,28.45351795,2.507130265,
8,wild,X69585,X69585,09.WN,620,525,34.16295264,2.482350944,
8,wild,X69596,X69596,09.WN,620,524,33.27857391,2.397565437,
8,wild,X69702,X69702,09.WN,620,545,23.08189789,2.84888001,
8,wild,X69707,X69707,09.WN,620,537,27.33821679,2.642502278,
8,wild,X69742,X69742,09.WN,620,537,28.45047435,2.702778084,
8,wild,X69743,X69743,09.WN,620,547,27.15956518,2.881460002,
8,wild,X69771,X69771,09.WN,620,535,22.82700028,2.482677869,
8,wild,X69773,X69773,09.WN,620,521,23.08222013,2.357231245,
8,wild,X69781,X69781,09.WN,620,520,31.75273871,2.339314902,
8,wild,X69782,X69782,09.WN,620,547,24.18212508,2.886763558,
8,wild,X69783,X69783,09.WN,620,525,23.73263871,2.566763304,
8,wild,X69784,X69784,09.WN,620,522,26.24737305,2.462753247,
8,wild,X69786,X69786,09.WN,620,540,21.28995553,2.711977519,
8,wild,X69792,X69792,09.WN,620,523,23.59057249,2.354228379,
8,wild,X69901,X69901,09.WN,620,534,20.86595401,2.601675995,
8,wild,X44831,WN01,10.WN,620,518,31.50258425,2.35712735,
8,wild,X44832,WN02,10.WN,620,519,29.97407877,2.278900762,
8,wild,X44834,WN03,10.WN,620,516,26.69058235,2.219151278,
8,wild,X44836,WN04,10.WN,620,513,19.86425311,2.142148804,
8,wild,X44837,WN05,10.WN,620,512,23.08456677,2.178294033,
8,wild,X44839,X44839,10.WN,620,540,17.4660634,2.587409029,
8,wild,X44840,WN06,10.WN,617,511,23.2496655,2.164014796,
8,wild,X44841,WN07,10.WN,620,517,18.3435405,2.405166101,
8,wild,X44842,WN08,10.WN,620,520,20.77750479,2.490409822,
8,wild,X44843,X44843,10.WN,620,519,25.31418879,2.421944135,
8,wild,X44846,WN09,10.WN,620,515,20.15529269,2.425214527,
8,wild,X44848,WN10,10.WN,620,517,24.2597482,2.356663071,
8,wild,X44849,WN11,10.WN,620,515,23.82692322,2.403534982,
8,wild,X44850,WN12,10.WN,620,531,22.0113766,2.504874588,
8,wild,X44851,WN13,10.WN,620,520,26.29562895,2.376464288,
17,wild,SP01,SP01,17.SP,662,547,63.50707222,2.064577182,
17,wild,SP02,SP02,17.SP,662,543,55.05316853,1.987722262,
17,wild,SP03,SP03,17.SP,669,551,52.30266927,2.078779113,
17,wild,SP04,SP04,17.SP,663,537,54.27458744,1.957352918,
17,wild,SP05,SP05,17.SP,671,545,52.62113691,2.031303621,
17,wild,SP06,SP06,17.SP,645,538,54.49895853,1.948100188,
17,wild,SP08,SP08,17.SP,662,538,52.76867819,1.952397701,
17,wild,SP09,SP09,17.SP,664,536,44.36574033,1.915753987,
17,wild,SP10,SP10,17.SP,668,551,63.67233214,2.102970302,
17,wild,SP12,SP12,17.SP,662,531,56.87012677,1.91428508,
17,wild,SP13,SP13,17.SP,662,527,54.54705978,1.872905675,
17,wild,SP14,SP14,17.SP,662,532,45.60799381,1.92216649,
17,wild,SP15,SP15,17.SP,672,543,49.00695398,2.006435399,
17,wild,SP16,SP16,17.SP,670,543,52.63050232,2.007429884,
17,wild,SP17,SP17,17.SP,668,536,50.20435951,1.944318923,
17,wild,SP18,SP18,17.SP,645,530,51.74719418,1.913551403,
17,wild,SP19,SP19,17.SP,669,542,53.65697715,1.98929638,
17,wild,SP21,SP21,17.SP,661,535,56.35275227,1.919703281,
17,wild,SP22,SP22,17.SP,662,546,61.44321607,2.065219395,
17,wild,SP23,SP23,17.SP,662,549,55.28613046,2.075134553,
17,wild,SP24,SP24,17.SP,661,537,58.19464855,1.956514837,
17,wild,SP26,SP26,17.SP,665,529,48.75646882,1.889056616,
17,wild,SP27,SP27,17.SP,669,542,50.59588512,1.976070658,
17,wild,SP28,SP28,17.SP,663,534,56.70407188,1.916184136,
17,wild,SP29,SP29,17.SP,673,546,50.59616857,2.057890263,
17,wild,SP30,SP30,17.SP,666,530,61.15649948,1.87488683,
17,wild,SP31,SP31,17.SP,669,539,49.36526842,1.962365543,
17,wild,SP32,SP32,17.SP,667,551,59.48449707,2.085629811,
17,wild,SP33,SP33,17.SP,663,536,51.9037468,1.93052095,
17,wild,SP34,SP34,17.SP,663,532,55.93603865,1.893789076,
17,wild,SP35,SP35,17.SP,662,535,52.41919305,1.913826597,
17,wild,SP36,SP36,17.SP,671,534,49.60914522,1.903711377,
17,wild,SP37,SP37,17.SP,672,545,59.8878152,2.037689,
17,wild,SP38,SP38,17.SP,672,551,55.8706376,2.099429486,
17,wild,SP39,SP39,17.SP,670,543,51.18163284,1.986450234,
17,wild,SP40,SP40,17.SP,670,537,47.50647375,1.950159118,
17,wild,SP42,SP42,17.SP,672,532,46.92967362,1.898406068,
17,wild,SP43,SP43,17.SP,672,551,55.90854133,2.105435734,
17,wild,SP44,SP44,17.SP,671,548,54.65717947,2.055874645,
17,wild,SP45,SP45,17.SP,672,542,52.01428829,1.997504162,
17,wild,SP46,SP46,17.SP,669,551,57.52587743,2.089767969,
17,wild,SP47,SP47,17.SP,669,549,60.04306531,2.065454598,
17,wild,SP48,SP48,17.SP,662,536,54.93950886,1.923223285,
17,wild,SP49,SP49,17.SP,670,538,51.37279171,1.941807139,
17,wild,SP50,SP50,17.SP,662,537,59.17043225,1.942322632,
17,wild,SP51,SP51,17.SP,663,539,51.45489618,1.961316835,
17,wild,SP52,SP52,17.SP,673,555,47.177675,2.080301129,
17,wild,SP53,SP53,17.SP,669,540,60.83678028,1.973773083,
17,wild,SP54,SP54,17.SP,669,541,53.99141976,1.97198785,
17,wild,SP55,SP55,17.SP,663,541,55.31123484,1.952748447,
17,wild,SP56,SP56,17.SP,673,553,55.70571867,2.079205518,
17,wild,SP57,SP57,17.SP,670,541,56.36527504,1.975120237,
17,wild,SP58,SP58,17.SP,663,533,49.66439848,1.880779956,
17,wild,SP59,SP59,17.SP,672,542,59.47282002,1.981128924,
17,wild,SP60,SP60,17.SP,663,542,48.72576361,1.964048574,
17,wild,SP61,SP61,17.SP,645,538,47.98478122,1.912067613,
17,wild,SP62,SP62,17.SP,664,547,49.64948064,2.018454677,
17,wild,SP63,SP63,17.SP,669,547,51.53473631,2.019903965,
17,wild,SP64,SP64,17.SP,663,538,58.15180057,1.960444101,
17,wild,SP65,SP65,17.SP,676,534,56.41037567,1.985955111,
17,wild,SP66,SP66,17.SP,663,537,47.49142874,1.927723375,
17,wild,SP67,SP67,17.SP,668,539,50.45785464,1.932094187,
17,wild,SP68,SP68,17.SP,645,536,44.88248085,1.911747879,
17,wild,SP69,SP69,17.SP,663,540,53.76750254,1.967909365,
17,wild,SP70,SP70,17.SP,645,547,47.15104718,2.01374106,
17,wild,SP71,SP71,17.SP,644,538,50.07202288,1.920776774,
17,wild,SP72,SP72,17.SP,644,529,52.88168725,1.84662002,
18,wild,X44806,NW06,18.NW,620,530,33.92287004,2.565195345,
18,wild,X44808,NW07,18.NW,620,525,30.85868158,2.481036175,
18,wild,X44811,NW08,18.NW,620,530,32.88938656,2.624019432,
18,wild,X44813,NW09,18.NW,620,544,26.81827816,2.870804393,
18,wild,X44816,NW10,18.NW,620,527,29.66167843,2.569386974,
18,wild,X44818,NW11,18.NW,620,542,29.80177164,2.797943183,
18,wild,X44819,NW12,18.NW,620,544,28.38939951,2.822706666,
18,wild,X44820,NW13,18.NW,620,524,27.36440368,2.431241046,
18,wild,X44821,NW14,18.NW,600,545,19.01090677,3.560261395,
18,wild,X44822,NW15,18.NW,620,521,26.29624318,2.420186958,
18,wild,X44823,NW16,18.NW,620,530,34.06339894,2.579699885,
18,wild,X44826,NW17,18.NW,620,524,27.22956629,2.489277072,
18,wild,X74167,NW01,18.NW,600,543,14.61041594,3.26369315,
18,wild,X74170,NW03,18.NW,600,541,13.31626556,3.156203789,
18,wild,X74173,NW05,18.NW,620,538,17.93941086,2.640762326,
20,wild,X19001,AG55,20.AG,600,549,10.42306271,3.184363705,
20,wild,X19002,AG26,20.AG,620,549,21.76055492,2.97799572,
20,wild,X19003,AG56,20.AG,620,539,26.45136096,2.617370103,
20,wild,X19004,AG20,20.AG,620,527,31.07470954,2.506614053,
20,wild,X19005,AG21,20.AG,620,535,23.79717241,2.419940185,
20,wild,X19006,AG57,20.AG,620,546,25.80861764,2.968364193,
20,wild,X19007,AG22,20.AG,620,533,30.3366317,2.505224559,
20,wild,X19008,AG58,20.AG,620,542,29.2715155,2.713438268,
20,wild,X19009,AG59,20.AG,620,543,29.50478356,2.714361467,
20,wild,X19010,AG60,20.AG,620,546,20.25416141,2.809082271,
20,wild,X19011,AG61,20.AG,620,544,22.69060718,2.756221463,
20,wild,X19012,AG62,20.AG,620,529,26.1761572,2.567516784,
20,wild,X19013,AG63,20.AG,620,514,20.70287785,2.270002037,
20,wild,X19014,AG64,20.AG,620,546,24.72169011,2.959748522,
20,wild,X19015,X19015,20.AG,620,526,23.71808525,2.458848579,
20,wild,X19016,AG65,20.AG,620,523,26.27403992,2.341655151,
20,wild,X19017,AG66,20.AG,620,536,29.22408402,2.5272649,
20,wild,X19018,AG67,20.AG,620,542,25.45717876,2.746006837,
20,wild,X19019,AG68,20.AG,620,545,23.529068,2.79703335,
20,wild,X19020,AG19,20.AG,620,537,24.4538616,2.737737487,
20,wild,X19022,AG28,20.AG,600,551,15.56948239,3.593876579,
20,wild,X19023,AG27,20.AG,600,547,12.32576277,3.309716415,
20,wild,X19024,X19024,20.AG,620,526,25.81624687,2.307744471,
20,wild,X19025,AG37,20.AG,620,548,28.26137145,2.871298371,
20,wild,X19026,AG38,20.AG,620,534,22.31503529,2.673809221,
20,wild,X19028,AG39,20.AG,620,548,19.68139684,2.814337469,
20,wild,X19031,AG01,20.AG,620,541,28.63696652,2.793057619,
20,wild,X19032,AG40,20.AG,620,549,26.88220571,2.88733658,
20,wild,X19033,AG41,20.AG,600,545,13.84858154,3.136160962,
20,wild,X19035,X19035,20.AG,620,559,15.89215693,2.821912122,
20,wild,X19036,X19036,20.AG,620,543,27.62540751,2.83923946,
20,wild,X19037,X19037,20.AG,620,534,28.48961688,2.523107293,
20,wild,X19038,AG02,20.AG,620,528,19.17996064,2.527546302,
20,wild,X19040,AG42,20.AG,620,539,28.65583899,2.636811076,
20,wild,X19044,X19044,20.AG,620,547,24.11052993,2.88997416,
20,wild,X19048,X19048,20.AG,620,548,26.05909034,2.899521064,
20,wild,X19050,X19050,20.AG,620,533,22.30275916,2.539454458,
20,wild,X19057,AG43,20.AG,620,532,18.27848614,2.630563859,
20,wild,X19059,AG44,20.AG,620,553,27.00754196,3.066071426,
20,wild,X19060,AG45,20.AG,620,527,25.01966858,2.510470852,
20,wild,X19061,X19061,20.AG,620,545,26.61122812,2.898657709,
20,wild,X19062,X19062,20.AG,600,542,12.66359633,3.14953881,
20,wild,X19063,AG46,20.AG,620,548,25.72051665,2.988691363,
20,wild,X19065,X19065,20.AG,620,523,23.83353795,2.499169718,
20,wild,X19069,X19069,20.AG,620,535,28.76314051,2.601914879,
20,wild,X19070,AG47,20.AG,620,545,28.11056833,2.910694209,
20,wild,X19071,X19071,20.AG,620,554,24.80715644,3.056457961,
20,wild,X19073,X19073,20.AG,620,533,22.89179707,2.609544504,
20,wild,X19076,X19076,20.AG,620,549,23.80438017,2.947175389,
20,wild,X19077,X19077,20.AG,620,539,27.5877101,2.67340174,
20,wild,X19078,X19078,20.AG,620,528,18.47071468,2.465049697,
20,wild,X19080,AG03,20.AG,620,542,31.83283607,2.722150246,
20,wild,X19081,AG04,20.AG,620,551,29.42429028,3.015408862,
20,wild,X19082,AG05,20.AG,620,554,23.3452563,3.089951351,
20,wild,X19083,AG06,20.AG,620,544,31.09944044,2.905550674,
20,wild,X19085,AG48,20.AG,620,545,30.44619215,2.915702827,
20,wild,X19086,AG49,20.AG,620,539,25.10663442,2.727586105,
20,wild,X19087,AG50,20.AG,620,544,20.97614089,2.758813554,
20,wild,X19089,AG51,20.AG,620,528,34.12425509,2.379990183,
20,wild,X19090,AG52,20.AG,620,546,22.29357078,2.836712685,
20,wild,X19092,X19092,20.AG,620,543,29.41183465,2.79924508,
20,wild,X19093,AG53,20.AG,620,529,29.91138298,2.48858601,
20,wild,X19094,AG69,20.AG,600,531,16.05803153,2.952041228,
20,wild,X19096,AG70,20.AG,620,545,28.7136963,2.831551933,
20,wild,X19097,AG34,20.AG,620,546,24.01997283,2.754731087,
20,wild,X19098,AG33,20.AG,620,543,25.22100243,2.744283166,
20,wild,X19099,AG32,20.AG,620,531,26.74853988,2.519965495,
20,wild,X19100,AG09,20.AG,620,537,26.86979785,2.513156354,
20,wild,X19101,AG10,20.AG,620,540,29.99744115,2.708714377,
20,wild,X19102,AG35,20.AG,600,542,19.0533455,3.443089853,
20,wild,X19103,AG31,20.AG,620,529,27.08146068,2.297844766,
20,wild,X19104,X19104,20.AG,620,543,24.48182913,2.774553641,
20,wild,X19105,AG11,20.AG,620,539,24.77535586,2.680157435,
20,wild,X19108,AG30,20.AG,620,545,29.49509545,2.781001403,
20,wild,X19109,AG29,20.AG,620,548,25.45164784,3.016642247,
20,wild,X19110,AG12,20.AG,600,550,18.11600874,3.680132013,
20,wild,X19111,AG71,20.AG,620,531,24.75608608,2.584600129,
20,wild,X19112,AG36,20.AG,600,554,15.42635547,3.743290929,
20,wild,X19113,AG07,20.AG,620,531,24.76089043,2.476309576,
20,wild,X19114,AG18,20.AG,620,555,21.97120537,3.074501198,
20,wild,X19115,AG72,20.AG,620,543,29.33752999,2.78860827,
20,wild,X19116,AG08,20.AG,620,553,26.11181334,3.09522659,
20,wild,X19117,AG13,20.AG,620,555,23.59538456,3.105086217,
20,wild,X19118,AG14,20.AG,620,550,23.11652043,2.962846689,
20,wild,X19119,AG15,20.AG,620,542,28.65537264,2.898865495,
20,wild,X19120,AG16,20.AG,620,546,28.39248508,2.992315219,
20,wild,X19121,AG73,20.AG,620,541,16.8573211,2.60992362,
20,wild,X19122,AG17,20.AG,620,535,19.49974785,2.514460237,
20,wild,X19995,AG24,20.AG,620,554,21.95773125,3.041196641,
20,wild,X19996,X19996,20.AG,620,524,22.09610365,2.42927896,
20,wild,X19997,AG25,20.AG,620,543,21.84838126,2.656762872,
20,wild,X19999,AG54,20.AG,620,539,24.40520177,2.620036695,
20,wild,X20000,AG23,20.AG,620,545,26.36363996,2.786019194,
21,wild,X19123,CO09,21.CO,620,547,24.02392818,2.829024773,
21,wild,X19125,CO10,21.CO,620,543,27.08923215,2.703316665,
21,wild,X19126,X19126,21.CO,620,547,27.0479565,2.899957929,
21,wild,X19128,X19128,21.CO,620,545,30.29132246,2.938856008,
21,wild,X19129,X19129,21.CO,620,547,23.65525742,2.851470531,
21,wild,X19130,X19130,21.CO,620,553,24.45031973,3.041974625,
21,wild,X19131,X19131,21.CO,620,553,24.69401475,3.041585729,
21,wild,X19133,CO17,21.CO,620,547,25.78472395,2.86781351,
21,wild,X19134,X19134,21.CO,620,549,26.75828651,2.915049278,
21,wild,X19135,CO18,21.CO,620,546,27.02091428,2.797309732,
21,wild,X19136,CO19,21.CO,620,549,22.12072835,2.841275417,
21,wild,X19137,CO20,21.CO,620,556,23.63876557,3.090661481,
21,wild,X19138,CO21,21.CO,620,535,31.75487858,2.639087676,
21,wild,X19140,X19140,21.CO,620,547,27.14457367,2.871467349,
21,wild,X19141,X19141,21.CO,620,548,30.7893334,2.980558871,
21,wild,X19142,X19142,21.CO,620,546,24.63928072,2.722255275,
21,wild,X19143,X19143,21.CO,620,548,25.13058804,2.94460075,
21,wild,X19144,X19144,21.CO,620,553,25.23975409,3.078217464,
21,wild,X19145,CO01,21.CO,620,551,26.09978119,3.024979092,
21,wild,X19146,CO02,21.CO,620,537,29.2182569,2.589595094,
21,wild,X19147,X19147,21.CO,620,548,24.43090702,2.817253643,
21,wild,X19148,X19148,21.CO,620,547,27.24813075,2.84249023,
21,wild,X19149,X19149,21.CO,620,544,22.59161654,2.852294469,
21,wild,X19150,CO03,21.CO,620,538,29.76112056,2.705497322,
21,wild,X19151,X19151,21.CO,620,549,23.28345339,2.930639954,
21,wild,X19152,CO04,21.CO,620,549,24.9916341,2.946465136,
21,wild,X19153,X19153,21.CO,620,542,25.61030386,2.686639043,
21,wild,X19154,X19154,21.CO,620,544,23.87608073,2.773574541,
21,wild,X19155,X19155,21.CO,620,535,28.38878774,2.663251461,
21,wild,X19156,CO08,21.CO,620,535,28.2457863,2.591299395,
21,wild,X19157,X19157,21.CO,620,552,22.16062356,2.914421047,
21,wild,X19158,X19158,21.CO,620,544,26.27185973,2.752598076,
21,wild,X19159,CO05,21.CO,620,556,24.08112495,3.099649123,
21,wild,X19160,CO06,21.CO,620,541,27.90945976,2.715647136,
21,wild,X19161,CO11,21.CO,620,539,27.38991945,2.58376739,
21,wild,X19162,X19162,21.CO,620,551,21.53768843,2.891330294,
21,wild,X19163,X19163,21.CO,620,551,26.19554358,2.923103875,
21,wild,X19164,X19164,21.CO,620,541,28.67427072,2.777478787,
21,wild,X19165,X19165,21.CO,620,541,26.07679098,2.577237097,
21,wild,X19166,X19166,21.CO,620,542,25.78325709,2.752600897,
21,wild,X19167,X19167,21.CO,620,540,25.58606692,2.765269147,
21,wild,X19168,X19168,21.CO,620,544,24.88271497,2.711891328,
21,wild,X19169,CO22,21.CO,620,538,28.049411,2.567828172,
21,wild,X19170,X19170,21.CO,620,543,24.32683872,2.724337395,
21,wild,X19171,CO23,21.CO,620,544,29.22011045,2.798986425,
21,wild,X19172,X19172,21.CO,620,551,28.40299859,3.098310905,
21,wild,X19173,X19173,21.CO,620,533,24.99133342,2.577787386,
21,wild,X19174,X19174,21.CO,620,546,27.48707174,2.916603225,
21,wild,X19175,X19175,21.CO,620,552,26.26636791,3.003033296,
21,wild,X19176,X19176,21.CO,620,554,27.69659912,3.074867344,
21,wild,X19177,X19177,21.CO,620,535,30.52561956,2.545029919,
21,wild,X19178,CO07,21.CO,620,542,26.56588467,2.689511978,
21,wild,X19179,X19179,21.CO,620,544,29.98611175,2.789382514,
21,wild,X19181,X19181,21.CO,620,526,32.95630126,2.285074566,
21,wild,X19182,CO12,21.CO,620,541,28.809478,2.676929337,
21,wild,X19183,CO13,21.CO,620,536,26.13935279,2.574371627,
21,wild,X19184,X19184,21.CO,620,536,23.30314022,2.545742317,
21,wild,X19185,X19185,21.CO,620,544,20.34061743,2.68984795,
21,wild,X19186,CO14,21.CO,620,540,28.99715211,2.679446698,
21,wild,X19187,X19187,21.CO,620,543,25.44980316,2.805705849,
21,wild,X19188,CO15,21.CO,620,545,21.85664727,2.757751041,
21,wild,X19189,X19189,21.CO,620,543,30.1505347,2.784895241,
21,wild,X19190,X19190,21.CO,620,548,25.13290613,2.817223422,
21,wild,X19191,X19191,21.CO,620,523,23.48636147,2.481074651,
21,wild,X19192,CO16,21.CO,620,530,25.08100699,2.487120756,
21,wild,X19193,X19193,21.CO,620,547,21.40047065,2.799325816,
21,wild,X19194,X19194,21.CO,620,543,27.18846041,2.739269358,
21,wild,X19195,X19195,21.CO,620,539,23.33071357,2.605168938,
22,wild,X19196,KS18,22.KS,620,569,26.04561611,3.249127599,
22,wild,X19197,KS01,22.KS,620,559,27.06512044,3.22823963,
22,wild,X19198,KS02,22.KS,620,546,29.0547035,2.93341818,
22,wild,X19199,KS03,22.KS,620,550,29.84909936,3.054009655,
22,wild,X19200,KS04,22.KS,620,552,27.61465401,3.068286335,
22,wild,X19201,KS05,22.KS,620,545,31.23256264,2.922034837,
22,wild,X19202,KS06,22.KS,620,545,28.25746954,2.800611476,
22,wild,X19203,KS07,22.KS,620,548,25.74513322,2.92196011,
22,wild,X19204,KS08,22.KS,620,553,25.23047149,3.031732135,
22,wild,X19205,KS09,22.KS,620,536,23.27121192,2.54162657,
22,wild,X19206,KS10,22.KS,620,576,24.2359632,3.166736322,
22,wild,X19207,KS11,22.KS,620,551,26.30346884,3.061999194,
22,wild,X19209,KS12,22.KS,620,543,22.48853533,2.628550036,
22,wild,X19210,KS13,22.KS,620,544,29.44773844,2.729567722,
22,wild,X19211,KS14,22.KS,620,548,29.8017303,2.977152047,
22,wild,X19212,KS15,22.KS,620,551,23.24877868,2.945840481,
22,wild,X19213,KS16,22.KS,620,545,30.228185,2.92514205,
22,wild,X19214,KS17,22.KS,620,542,27.13186247,2.690430794,
23,wild,X19218,MO01,23.MO,620,539,14.93891368,2.509762067,
23,wild,X19228,MO04,23.MO,620,548,19.48110976,2.86221865,
23,wild,X19231,MO06,23.MO,620,543,20.28565665,2.676780495,
23,wild,X19234,MO07,23.MO,620,545,21.49748554,2.717139146,
23,wild,X19235,MO08,23.MO,620,528,19.26890222,2.500069446,
23,wild,X19237,MO09,23.MO,620,541,20.42507409,2.563906206,
24,wild,X19241,WR01,24.WR,620,581,16.26603485,3.282449517,
24,wild,X19243,WR02,24.WR,620,550,26.00152636,2.969417797,
24,wild,X19244,WR03,24.WR,620,578,19.98824136,3.166047624,
24,wild,X19247,WR04,24.WR,620,577,20.88524731,3.635262727,
24,wild,X19248,WR05,24.WR,620,558,20.25943491,3.041819979,
24,wild,X19249,WR06,24.WR,620,558,20.05923094,3.038290995,
24,wild,X19250,WR07,24.WR,620,550,25.33405813,2.896601379,
24,wild,X19251,WR08,24.WR,620,584,17.7153259,3.382325851,
24,wild,X19252,WR09,24.WR,620,552,21.52603318,2.989174784,
24,wild,X19253,WR10,24.WR,620,549,20.45272784,2.910035554,
24,wild,X19254,WR11,24.WR,620,546,26.25657536,2.750146682,
24,wild,X19255,WR12,24.WR,620,547,18.58944195,2.75258761,
24,wild,X19256,WR13,24.WR,620,554,25.81767066,3.040591149,
24,wild,X19257,WR14,24.WR,620,577,24.22085574,3.102217695,
24,wild,X19258,WR15,24.WR,620,570,23.07248,3.415698574,
24,wild,X19259,WR16,24.WR,620,543,25.91508708,2.78163879,
24,wild,X19261,WR17,24.WR,620,544,24.04482671,2.65136875,
24,wild,X19263,WR18,24.WR,620,570,21.26291163,3.205464972,
24,wild,X19264,WR19,24.WR,620,560,21.3110896,3.169953879,
24,wild,X19266,WR20,24.WR,620,580,19.87296531,3.417341497,
24,wild,X19267,WR21,24.WR,620,582,20.07231044,3.498786229,
24,wild,X19268,WR22,24.WR,620,580,19.82163035,3.492803784,
24,wild,X19269,WR23,24.WR,620,558,18.66862753,3.055462034,
24,wild,X19270,WR24,24.WR,620,552,27.34131185,3.078196731,
24,wild,X19271,WR25,24.WR,620,549,25.22327672,2.929267301,
24,wild,X19272,WR26,24.WR,620,556,25.34735122,3.142468988,
24,wild,X19273,WR27,24.WR,620,586,16.61920557,3.600923607,
24,wild,X19274,WR28,24.WR,620,560,26.40406031,3.272737477,
24,wild,X19901,X19901,24.WR,620,554,24.79884687,3.014786472,
24,wild,X19903,WR29,24.WR,620,559,21.60881324,3.147097981,
24,wild,X19905,X19905,24.WR,620,583,16.30929889,3.104565521,
24,wild,X19906,X19906,24.WR,620,554,22.83951912,2.987080365,
24,wild,X19907,X19907,24.WR,620,550,20.67276694,2.864120854,
25,wild,X19911,X19911,25.ST,620,551,27.57976629,2.920859107,
25,wild,X19913,X19913,25.ST,619,555,25.23172265,2.99541445,
25,wild,X19915,X19915,25.ST,620,568,26.36345891,3.641388766,
25,wild,X19916,X19916,25.ST,620,556,26.46326413,3.173737645,
25,wild,X19917,X19917,25.ST,620,556,29.02916164,3.21673911,
25,wild,X19918,X19918,25.ST,620,554,29.28804309,3.084550246,
25,wild,X19922,X19922,25.ST,620,566,27.17666077,3.529752961,
25,wild,X19927,X19927,25.ST,620,564,23.55923845,3.370377006,
25,wild,X19930,ST43,25.ST,620,583,20.38218474,4.155449994,
25,wild,X19932,X19932,25.ST,620,557,22.33653519,3.127744353,
25,wild,X19933,X19933,25.ST,620,569,23.84470626,3.401387207,
25,wild,X19934,X19934,25.ST,620,574,23.7027933,3.724952059,
25,wild,X19936,ST21,25.ST,620,571,25.58503145,3.597898517,
25,wild,X19938,ST09,25.ST,620,560,24.25111248,3.288578263,
25,wild,X19939,ST22,25.ST,620,582,18.84273914,3.942646124,
25,wild,X19940,ST23,25.ST,620,545,22.28153537,2.859341488,
25,wild,X19941,ST24,25.ST,620,562,26.48326458,3.377836207,
25,wild,X19942,ST10,25.ST,620,578,22.80516167,3.493367938,
25,wild,X19943,ST25,25.ST,620,550,22.3241686,2.967244299,
25,wild,X19944,ST26,25.ST,620,583,20.48533012,4.115226006,
25,wild,X19945,ST27,25.ST,620,580,22.15700331,3.388005597,
25,wild,X19946,X19946,25.ST,620,578,24.85088799,3.51770607,
25,wild,X19947,ST28,25.ST,620,554,26.17501433,3.110543108,
25,wild,X19948,ST29,25.ST,620,557,23.17101791,3.196092168,
25,wild,X19949,ST11,25.ST,620,574,23.56944323,3.630947055,
25,wild,X19950,ST30,25.ST,620,546,27.71744256,2.823609954,
25,wild,X19951,ST12,25.ST,620,579,23.83331899,3.407338462,
25,wild,X19953,X19953,25.ST,620,553,29.77255777,2.994719518,
25,wild,X19954,ST13,25.ST,620,557,25.90847723,3.279851636,
25,wild,X19955,X19955,25.ST,620,559,17.90883733,3.038037226,
25,wild,X19956,X19956,25.ST,620,577,23.32910599,4.177727063,
25,wild,X19957,ST31,25.ST,620,551,23.5042343,2.957258122,
25,wild,X19958,ST14,25.ST,620,560,24.26605476,3.277340561,
25,wild,X19959,ST01,25.ST,620,554,22.72786849,3.038727894,
25,wild,X19960,ST02,25.ST,620,581,21.16003346,4.279678245,
25,wild,X19961,ST15,25.ST,620,547,23.8832172,2.848126963,
25,wild,X19962,ST16,25.ST,620,579,20.61846752,3.980602571,
25,wild,X19963,ST32,25.ST,620,549,26.35555987,2.950961224,
25,wild,X19964,ST33,25.ST,620,585,21.55942472,4.019172619,
25,wild,X19965,ST03,25.ST,620,563,22.28905076,3.326808465,
25,wild,X19966,ST34,25.ST,620,582,13.28170911,3.305950181,
25,wild,X19967,ST35,25.ST,620,558,23.7844027,3.288651125,
25,wild,X19968,X19968,25.ST,620,556,16.77853887,3.001425468,
25,wild,X19969,ST36,25.ST,620,553,26.91699254,3.078668726,
25,wild,X19971,ST44,25.ST,620,558,17.83294608,3.063350783,
25,wild,X19972,ST37,25.ST,620,571,19.3907191,3.375601259,
25,wild,X19973,ST04,25.ST,620,565,23.2953236,3.37238244,
25,wild,X19974,X19974,25.ST,620,555,18.05789006,2.993261632,
25,wild,X19975,X19975,25.ST,620,556,27.61899562,3.155270242,
25,wild,X19976,ST05,25.ST,620,578,21.51088666,3.858875665,
25,wild,X19978,X19978,25.ST,620,549,15.09278491,2.826083721,
25,wild,X19979,ST06,25.ST,620,549,24.21886685,2.945282382,
25,wild,X19980,X19980,25.ST,620,579,20.67978756,4.16050722,
25,wild,X19981,ST38,25.ST,620,551,26.54377423,2.842592079,
25,wild,X19982,ST07,25.ST,620,556,21.66515898,3.086416022,
25,wild,X19983,X19983,25.ST,620,576,18.22415988,3.205716969,
25,wild,X19984,ST08,25.ST,620,561,26.15199908,3.409460041,
25,wild,X19985,ST17,25.ST,620,578,10.33646783,2.950332022,
25,wild,X19986,ST39,25.ST,620,567,23.67439425,3.450566482,
25,wild,X19988,ST40,25.ST,620,578,24.91178951,3.493147978,
25,wild,X19989,ST18,25.ST,620,573,21.05036813,3.37745515,
25,wild,X19990,X19990,25.ST,620,579,24.97432856,3.656198174,
25,wild,X19991,ST19,25.ST,620,569,24.63307035,3.455676788,
25,wild,X19992,ST41,25.ST,620,545,22.62156303,2.835792918,
25,wild,X19993,ST20,25.ST,620,569,22.97427399,3.454122561,
25,wild,X19994,ST42,25.ST,620,560,18.97269852,3.183494485,
26,wild,X19275,TP01,26.TP,620,576,25.48089807,3.673461576,
26,wild,X19276,TP02,26.TP,620,579,25.73653883,3.854599028,
26,wild,X19277,TP03,26.TP,620,583,19.18934967,3.749791612,
26,wild,X19278,TP04,26.TP,620,574,26.11332719,3.481472756,
26,wild,X19279,TP05,26.TP,620,577,22.6102822,3.5177054,
26,wild,X19280,TP06,26.TP,620,585,22.15269636,4.229080665,
26,wild,X19281,TP07,26.TP,620,575,24.00618053,3.562737197,
26,wild,X19282,TP08,26.TP,620,581,22.4800225,3.875008055,
26,wild,X19283,TP09,26.TP,620,578,22.11455992,3.971239505,
26,wild,X19284,TP10,26.TP,620,583,20.66963104,3.736626737,
26,wild,X19286,TP11,26.TP,620,588,17.52218626,4.26440118,
26,wild,X19289,TP12,26.TP,620,584,19.9776532,3.972854647,
26,wild,X19290,TP13,26.TP,620,585,21.63409954,4.305119732,
26,wild,X19291,TP14,26.TP,620,589,13.52443297,3.870718268,
26,wild,X19292,TP15,26.TP,620,570,28.32929567,3.679707868,
26,wild,X19293,TP16,26.TP,620,580,22.81609731,4.100908974,
26,wild,X19295,TP17,26.TP,620,578,24.17593622,3.590100411,
26,wild,X19296,TP18,26.TP,620,581,24.11644565,4.117879108,
26,wild,X19298,TP19,26.TP,620,581,25.65386621,4.012346901,
26,wild,X19301,TP20,26.TP,620,586,14.68985814,3.778496577,
26,wild,X19302,TP21,26.TP,620,587,17.41831212,4.125285977,
26,wild,X19303,TP22,26.TP,620,573,25.62637362,3.597253094,
26,wild,X19304,TP23,26.TP,620,584,20.96570491,4.459507866,
26,wild,X19305,TP24,26.TP,620,585,23.95752018,4.163876955,
26,wild,X19306,TP25,26.TP,620,590,19.47128591,4.38440823,
26,wild,X19307,TP26,26.TP,620,581,24.07039293,3.559795379,
26,wild,X19308,X19308,26.TP,620,586,21.50799414,4.007279896,
26,wild,X19309,X19309,26.TP,620,577,24.93845043,3.645434154,
26,wild,X19311,X19311,26.TP,620,590,19.31621227,4.727508407,
26,wild,X19312,X19312,26.TP,620,588,11.21742702,3.809117358,
26,wild,X19313,X19313,26.TP,620,583,21.28093197,3.860626907,
26,wild,X19314,X19314,26.TP,620,587,20.25947856,4.247244868,
26,wild,X19316,X19316,26.TP,620,584,20.52993091,4.212079038,
26,wild,X19317,X19317,26.TP,620,586,20.6473474,4.50353261,
26,wild,X19319,X19319,26.TP,620,588,20.42594842,4.541927006,
26,wild,X19320,X19320,26.TP,620,578,23.69797987,3.855688037,
26,wild,X19321,X19321,26.TP,620,590,15.74461714,4.275507842,
26,wild,X19323,X19323,26.TP,620,564,27.15725423,3.461202522,
26,wild,X19324,X19324,26.TP,620,583,23.17007251,4.227887769,
26,wild,X19325,X19325,26.TP,620,562,24.94355471,3.378369052,
26,wild,X19326,X19326,26.TP,620,580,26.80791128,3.913999073,
26,wild,X19328,X19328,26.TP,620,581,21.71399467,4.01760686,
26,wild,X19329,X19329,26.TP,620,586,21.08144362,4.628585732,
26,wild,X19330,X19330,26.TP,620,568,25.17937728,3.648271417,
26,wild,X19331,X19331,26.TP,620,573,14.59793223,3.458939354,
26,wild,X19332,X19332,26.TP,620,564,25.23000588,3.519714329,
26,wild,X19333,X19333,26.TP,620,579,20.74713892,3.829224436,
26,wild,X19334,X19334,26.TP,620,573,27.13349767,3.85677915,
26,wild,X19335,X19335,26.TP,620,579,24.14804096,3.740733733,
26,wild,X19336,X19336,26.TP,620,558,24.5160539,3.226948918,
26,wild,X19337,X19337,26.TP,620,577,27.23976999,3.848658648,
26,wild,X19338,X19338,26.TP,620,569,25.24882832,3.495451167,
26,wild,X19339,X19339,26.TP,620,580,24.94951929,4.049283389,
26,wild,X19340,X19340,26.TP,620,578,24.94275921,3.829402447,
26,wild,X19341,X19341,26.TP,620,581,24.32133506,4.00156067,
26,wild,X19342,X19342,26.TP,620,559,29.03644953,3.341720345,
28,wild,X73663,MY01,28.MY,620,587,20.61379256,5.32680902,
28,wild,X73667,MY02,28.MY,620,585,21.25489552,4.835336905,
28,wild,X73668,MY03,28.MY,620,577,22.47664793,4.32912166,
28,wild,X73669,MY04,28.MY,620,582,22.06140512,4.65904254,
28,wild,X73670,MY05,28.MY,620,586,21.83829617,5.396226423,
28,wild,X73671,MY06,28.MY,620,586,20.5331251,5.135203444,
28,wild,X73672,MY07,28.MY,620,580,18.43802551,4.317667456,
28,wild,X73673,MY08,28.MY,620,584,19.79408014,4.815261133,
28,wild,X73675,X73675,28.MY,620,581,20.00373595,4.364322158,
28,wild,X73676,MY09,28.MY,620,584,21.65919388,4.890072707,
28,wild,X73679,MY10,28.MY,620,583,22.35756395,4.83660453,
28,wild,X73680,MY11,28.MY,620,584,21.91721405,4.810759072,
28,wild,X73682,MY12,28.MY,620,579,23.97677045,4.397553563,
28,wild,X73683,MY13,28.MY,620,580,22.66919989,4.497798233,
28,wild,X73686,X73686,28.MY,620,585,24.46401281,5.306085175,
28,wild,X73687,MY14,28.MY,620,582,22.75875261,4.676607225,
28,wild,X73688,MY15,28.MY,620,583,25.78796146,5.004440159,
28,wild,X73689,X73689,28.MY,620,583,21.6262291,4.709255145,
28,wild,X73690,X73690,28.MY,620,576,21.82148896,3.884229635,
28,wild,X73693,X73693,28.MY,620,588,21.45836386,5.705306923,
28,wild,X73700,X73700,28.MY,620,576,27.22130454,4.180598809,
28,wild,X73703,X73703,28.MY,620,579,20.96091119,4.333501619,
28,wild,X73704,X73704,28.MY,620,586,18.7629567,4.880026618,
28,wild,X73705,X73705,28.MY,620,581,21.64973318,4.475655537,
28,wild,X73706,X73706,28.MY,620,583,21.1415005,4.704259109,
28,wild,X73708,X73708,28.MY,620,586,20.02363956,5.377118846,
28,wild,X73709,X73709,28.MY,620,580,18.6527287,4.244973942,
30,wild,X73644,OC01,30.OC,620,581,17.82443512,4.10265917,
30,wild,X73645,OC02,30.OC,620,579,26.28452345,4.335394148,
30,wild,X73646,OC03,30.OC,620,582,25.08431443,4.787943996,
30,wild,X73648,OC04,30.OC,620,577,21.56617984,4.1664793,
30,wild,X73649,OC05,30.OC,620,584,21.13883645,4.67579139,
30,wild,X73650,OC06,30.OC,620,588,19.24449035,5.384192608,
30,wild,X73780,73780,30.OC,679,586,42.3510101,2.388269376,
30,wild,X73782,73782,30.OC,697,592,54.34252255,2.564772695,
30,wild,X73783,73783,30.OC,678,592,39.3317945,2.502171082,
30,wild,X73787,73787,30.OC,679,590,37.54609058,2.419648545,
30,wild,X73791,73791,30.OC,667,582,56.19947726,2.33641956,
30,wild,X73792,73792,30.OC,647,582,31.83430486,2.285399169,
30,wild,X73793,73793,30.OC,678,587,49.75466936,2.45026245,
30,wild,X73876,OC07,30.OC,620,581,27.92369338,4.668093596,
30,wild,X73877,X73877,30.OC,620,586,17.8427779,4.852978125,
30,wild,X73878,X73878,30.OC,620,582,20.66755746,4.497748233,
30,wild,X73880,X73880,30.OC,620,577,22.0199961,4.025992561,
30,wild,X73881,OC08,30.OC,620,578,20.72648006,4.244097205,
30,wild,X73882,OC09,30.OC,620,587,20.51483279,5.529634734,
30,wild,X73883,OC10,30.OC,620,585,20.12127533,4.85394112,
30,wild,X73884,OC11,30.OC,620,586,20.41786419,5.204866772,
30,wild,X73885,OC12,30.OC,620,582,19.09331604,4.33401326,
30,wild,X73886,OC13,30.OC,620,584,20.6757486,4.789968989,
30,wild,X73887,OC14,30.OC,620,582,23.96645183,4.695867665,
30,wild,X73888,OC15,30.OC,620,576,21.88919713,4.030206305,
30,wild,X73889,X73889,30.OC,620,576,21.47615416,4.013535628,
30,wild,X73890,X73890,30.OC,620,581,21.24656341,4.480345715,
30,wild,X73891,X73891,30.OC,620,588,17.30886378,5.271147861,
30,wild,X73894,X73894,30.OC,620,580,22.63692874,4.386577943,
30,wild,X73895,X73895,30.OC,620,585,18.99086243,4.956731102,
30,wild,X73896,X73896,30.OC,620,578,23.46681103,4.350046081,
30,wild,X73897,X73897,30.OC,620,582,19.5626268,4.502836092,
30,wild,X73898,X73898,30.OC,620,577,22.92997477,4.115915514,
30,wild,X73899,X73899,30.OC,620,580,21.88472545,4.436763319,
30,wild,X73900,73900,30.OC,657,583,44.53616448,2.32555595,
30,wild,X73903,73903,30.OC,664,583,45.43596387,2.357484605,
30,wild,X73907,73907,30.OC,682,585,53.92580324,2.435192468,
30,wild,X73908,73908,30.OC,700,589,50.20264535,2.493007683,
30,wild,X73917,73917,30.OC,677,575,52.33152599,2.210111155,
30,wild,X73920,73920,30.OC,647,575,49.00336293,2.165881201,
30,wild,X73933,73933,30.OC,678,590,40.36506788,2.447006904,
30,wild,X73936,73936,30.OC,664,583,51.2158499,2.348066455,
30,wild,X73937,73937,30.OC,681,591,47.65002977,2.576323433,
30,wild,X73938,73938,30.OC,672,578,47.44824118,2.259898435,
30,wild,X73940,73940,30.OC,679,589,52.36713287,2.508937368,
30,wild,X73942,73942,30.OC,679,589,47.08548716,2.472522199,
30,wild,X73945,73945,30.OC,659,586,27.79763148,2.305571926,
30,wild,X73946,73946,30.OC,672,583,47.35241392,2.358708836,
30,wild,X73948,73948,30.OC,672,578,48.21190786,2.228369324,
30,wild,X73953,73953,30.OC,682,591,50.58605778,2.50686472,
30,wild,X73955,73955,30.OC,671,582,35.39287836,2.260493843,
30,wild,X73958,73958,30.OC,680,585,47.769873,2.415727987,
30,wild,X73959,73959,30.OC,680,587,41.82483858,2.477865375,
30,wild,X73960,73960,30.OC,674,585,58.41566596,2.434942909,
30,wild,X73966,73966,30.OC,672,578,50.38630867,2.314046976,
30,wild,X73972,73972,30.OC,660,577,58.23937871,2.273520579,
32,wild,X73825,MA01,32.MA,620,584,20.0833352,4.784897707,
32,wild,X73826,MA02,32.MA,620,578,30.88562756,4.29565568,
32,wild,X73827,MA03,32.MA,620,588,24.6366812,5.703578186,
32,wild,X73828,MA04,32.MA,620,583,19.49416256,4.84624666,
32,wild,X73829,MA05,32.MA,620,585,23.3933157,5.087967997,
32,wild,X73832,MA06,32.MA,620,589,20.27744395,5.630229715,
32,wild,X73833,MA07,32.MA,620,589,20.3699188,5.578974824,
32,wild,X73834,X73834,32.MA,620,582,24.75613804,4.709766549,
32,wild,X73835,MA08,32.MA,620,584,17.53630743,4.732250565,
32,wild,X73836,X73836,32.MA,620,585,28.60405973,5.418217207,
32,wild,X73840,X73840,32.MA,620,589,17.15736037,5.301155443,
32,wild,X73841,X73841,32.MA,620,590,22.60435934,5.951724802,
32,wild,X73843,MA09,32.MA,620,581,21.93502199,4.649769295,
32,wild,X73845,MA10,32.MA,620,585,21.66128788,5.169720858,
32,wild,X73848,MA11,32.MA,620,581,24.23378007,4.498429166,
32,wild,X73851,MA12,32.MA,620,589,21.10940001,5.623165748,
32,wild,X73852,MA13,32.MA,620,588,19.13288223,5.461620422,
32,wild,X73853,MA14,32.MA,620,586,16.83661441,4.953879993,
32,wild,X73854,MA15,32.MA,620,585,23.59121885,5.173726426,
32,wild,X73855,X73855,32.MA,620,586,18.17753759,5.072100524,
32,wild,X73856,X73856,32.MA,620,589,15.97414727,5.451000288,
32,wild,X73857,X73857,32.MA,620,583,18.51377375,4.678731609,
32,wild,X73858,X73858,32.MA,620,582,19.55131611,4.511130748,
32,wild,X73859,X73859,32.MA,620,590,16.47417282,5.45391574,
32,wild,X73860,X73860,32.MA,620,584,21.37434432,4.992555308,
32,wild,X73861,X73861,32.MA,620,588,19.8796216,5.465955535,
32,wild,X73862,X73862,32.MA,620,588,16.0629775,4.998339974,
32,wild,X73863,X73863,32.MA,620,584,21.46936234,5.06439136,
32,wild,X73864,X73864,32.MA,620,581,24.11744683,4.57159471,
32,wild,X73865,X73865,32.MA,620,590,18.9481782,5.722725217,
32,wild,X73867,X73867,32.MA,620,583,19.43045221,4.574778234,
32,wild,X73869,X73869,32.MA,620,587,16.70329829,4.783049209,
33,wild,X73509,CH01,33.CH,620,593,14.38819794,6.057041491,
33,wild,X73510,CH02,33.CH,620,590,15.39855531,5.635846388,
33,wild,X73511,CH03,33.CH,620,587,18.46095177,5.38724949,
33,wild,X73512,CH04,33.CH,620,591,15.372643,5.836966737,
33,wild,X73513,X73513,33.CH,620,585,21.43567465,5.153825227,
33,wild,X73514,CH05,33.CH,620,583,21.68834858,4.867200658,
33,wild,X73515,CH06,33.CH,620,588,19.80822669,5.64184552,
33,wild,X73517,CH07,33.CH,620,582,24.3669869,4.737487818,
33,wild,X73518,X73518,33.CH,620,582,25.64759983,4.855430717,
33,wild,X73519,CH08,33.CH,620,593,14.56236664,6.209234832,
33,wild,X73520,CH09,33.CH,620,586,18.58902501,5.105734474,
33,wild,X73521,CH10,33.CH,619,584,21.2311332,4.998241975,
33,wild,X73522,X73522,33.CH,620,592,17.22268853,6.06261093,
33,wild,X73523,CH11,33.CH,620,582,21.62230026,4.660820956,
33,wild,X73524,CH12,33.CH,620,587,19.2958237,5.485619984,
33,wild,X73525,CH13,33.CH,620,594,15.15554766,6.501945201,
33,wild,X73526,CH14,33.CH,620,587,17.93793273,5.114710688,
33,wild,X73528,CH15,33.CH,620,584,21.25939108,5.049973748,
33,wild,X73530,CH16,33.CH,620,589,18.44089992,5.756519633,
33,wild,X73531,X73531,33.CH,620,589,17.51988676,5.596434549,
33,wild,X73532,X73532,33.CH,620,590,15.50594092,5.549451843,
33,wild,X73533,X73533,33.CH,620,590,16.04056836,5.563825317,
33,wild,X73534,CH17,33.CH,620,583,22.46345829,4.934269682,
33,wild,X73535,X73535,33.CH,620,587,19.51745722,5.455630755,
33,wild,X73536,CH18,33.CH,620,588,20.92286075,5.477127599,
33,wild,X73537,CH19,33.CH,620,588,18.45819155,5.357280306,
33,wild,X73538,CH20,33.CH,620,591,16.74144399,5.979407654,
33,wild,X73541,X73541,33.CH,620,586,19.24506763,5.042807619,
33,wild,X73542,X73542,33.CH,620,590,16.63275288,5.699818426,
33,wild,X73543,X73543,33.CH,620,590,15.6747035,5.485363485,
33,wild,X73544,X73544,33.CH,620,586,20.46321897,5.173800075,
33,wild,X73545,X73545,33.CH,620,589,18.1404654,5.764676548,
33,wild,X73546,X73546,33.CH,620,587,20.52465342,5.469332951,
33,wild,X73547,X73547,33.CH,620,584,20.78733472,4.975631491,
33,wild,X73548,X73548,33.CH,620,587,19.74826743,5.528783018,
33,wild,X73549,X73549,33.CH,620,588,19.41139882,5.504910015,
33,wild,X73550,X73550,33.CH,620,589,17.10794096,5.463326603,
33,wild,X73551,X73551,33.CH,620,588,21.00260075,5.620445839,
33,wild,X73552,X73552,33.CH,620,587,18.51206031,5.350935252,
33,wild,X73564,X73564,33.CH,620,584,18.95791011,4.854885644,
33,wild,X73565,X73565,33.CH,620,581,19.92544223,4.576764556,
33,wild,X73566,X73566,33.CH,620,587,18.48398063,5.394748052,
33,wild,X73567,X73567,33.CH,620,584,22.07739395,4.91675179,
33,wild,X73568,X73568,33.CH,620,583,22.40726171,4.772465592,
33,wild,X73570,X73570,33.CH,620,590,18.17603269,5.913467366,
33,wild,X73571,X73571,33.CH,620,592,18.36033417,6.18597445,
33,wild,X73572,X73572,33.CH,620,584,22.07733343,5.107626978,
33,wild,X73573,X73573,33.CH,620,591,16.11206803,5.82099694,
33,wild,X73574,X73574,33.CH,620,584,18.56201126,4.851503738,
33,wild,X73575,X73575,33.CH,620,588,21.34782598,5.597910717,
33,wild,X73576,X73576,33.CH,620,583,20.80374701,4.815268958,
33,wild,X73577,X73577,33.CH,620,581,25.07658458,4.582493605,
33,wild,X73578,X73578,33.CH,620,586,24.9716908,5.432171419,
33,wild,X73579,X73579,33.CH,620,583,21.88094557,4.796112635,
33,wild,X73581,X73581,33.CH,620,586,20.16961923,5.205838317,
33,wild,X73583,X73583,33.CH,620,587,21.42539407,5.463291601,
33,wild,X73584,X73584,33.CH,620,580,26.57115022,4.461329075,
33,wild,X73585,X73585,33.CH,620,591,18.26234459,6.02024714,
33,wild,X73586,X73586,33.CH,620,584,19.5529742,4.943924736,
33,wild,X73587,X73587,33.CH,620,586,27.72266014,5.655409301,
33,wild,X73588,X73588,33.CH,620,589,21.54539098,5.934030668,
33,wild,X73590,X73590,33.CH,620,591,19.07693557,6.019829015,
33,wild,X73591,X73591,33.CH,620,591,19.04759542,6.301339524,
33,wild,X73592,X73592,33.CH,620,586,21.52698731,5.307926191,
33,wild,X73593,X73593,33.CH,620,587,23.30274172,5.503004591,
33,wild,X73603,X73603,33.CH,620,588,21.1267944,5.506604353,
33,wild,X73604,X73604,33.CH,620,591,16.25178375,5.716404321,
33,wild,X73605,X73605,33.CH,620,595,13.65167294,6.652806513,
33,wild,X73606,X73606,33.CH,620,585,20.52460647,5.085222587,
33,wild,X73607,X73607,33.CH,620,588,18.87465691,5.586760021,
35,captivity,G105,G105,CAP.ACU,NA,526,NA,NA,
35,captivity,G107,G107,CAP.ACU,NA,521,NA,NA,
35,captivity,G111,G111,CAP.ACU,NA,525,NA,NA,
35,captivity,G118,G118,CAP.ACU,NA,516,NA,NA,
35,captivity,G122,G122,CAP.ACU,NA,522,NA,NA,
35,captivity,G124,G124,CAP.ACU,NA,528,NA,NA,
35,captivity,G132,G132,CAP.ACU,NA,524,NA,NA,
35,captivity,G139,G139,CAP.ACU,NA,520,NA,NA,
35,captivity,G153,G153,CAP.ACU,NA,533,NA,NA,
35,captivity,G154,G154,CAP.ACU,NA,531,NA,NA,
35,captivity,G156,G156,CAP.ACU,NA,532,NA,NA,
35,captivity,G162,G162,CAP.ACU,NA,523,NA,NA,
35,captivity,G163,G163,CAP.ACU,NA,519,NA,NA,
35,captivity,G168,G168,CAP.ACU,NA,525,NA,NA,
35,captivity,G169,G169,CAP.ACU,NA,527,NA,NA,
35,captivity,G170,G170,CAP.ACU,NA,516,NA,NA,
35,captivity,G181,G181,CAP.ACU,NA,530,NA,NA,
35,captivity,G183,G183,CAP.ACU,NA,520,NA,NA,
35,captivity,G185,G185,CAP.ACU,NA,523,NA,NA,
35,captivity,G191,G191,CAP.ACU,NA,524,NA,NA,
35,captivity,G193,G193,CAP.ACU,NA,522,NA,NA,
35,captivity,G195,G195,CAP.ACU,NA,521,NA,NA,
35,captivity,G200,G200,CAP.ACU,NA,530,NA,NA,
35,captivity,G202,G202,CAP.ACU,NA,530,NA,NA,
35,captivity,G203,G203,CAP.ACU,NA,526,NA,NA,
35,captivity,G206,G206,CAP.ACU,NA,527,NA,NA,
35,captivity,G210,G210,CAP.ACU,NA,530,NA,NA,
35,captivity,G215,G215,CAP.ACU,NA,523,NA,NA,
35,captivity,G216,G216,CAP.ACU,NA,525,NA,NA,
35,captivity,G219,G219,CAP.ACU,NA,522,NA,NA,
35,captivity,G231,G231,CAP.ACU,NA,525,NA,NA,
35,captivity,G245,G245,CAP.ACU,NA,525,NA,NA,
35,captivity,G247,G247,CAP.ACU,NA,523,NA,NA,
35,captivity,G248,G248,CAP.ACU,NA,520,NA,NA,
35,captivity,G250,G250,CAP.ACU,NA,521,NA,NA,
35,captivity,G261,G261,CAP.ACU,NA,520,NA,NA,
35,captivity,G264,G264,CAP.ACU,NA,524,NA,NA,
35,captivity,G267,G267,CAP.ACU,NA,519,NA,NA,
35,captivity,G268,G268,CAP.ACU,NA,526,NA,NA,
35,captivity,G269,G269,CAP.ACU,NA,526,NA,NA,
35,captivity,G276,G276,CAP.ACU,NA,526,NA,NA,
35,captivity,G283,G283,CAP.ACU,NA,523,NA,NA,
35,captivity,G286,G286,CAP.ACU,NA,522,NA,NA,
35,captivity,G287,G287,CAP.ACU,NA,520,NA,NA,
35,captivity,G292,G292,CAP.ACU,NA,523,NA,NA,
35,captivity,G300,G300,CAP.ACU,NA,523,NA,NA,
35,captivity,G774,G774,CAP.ACU,NA,522,NA,NA,
35,captivity,W1001,W1001,CAP.ACU,627,520,52.54080087,1.664641111,
35,captivity,W2814,W2814,CAP.ACU,641,530,38.99308217,1.794419008,
35,captivity,W2830,W2830,CAP.ACU,626,524,42.73467742,1.735844394,
35,captivity,W2847,W2847,CAP.ACU,626,520,38.59036155,1.684093435,
35,captivity,W2855,W2855,CAP.ACU,625,520,37.83406725,1.622071339,
35,captivity,X2704,X2704,CAP.ACU,NA,522,NA,NA,
35,captivity,X2706,X2706,CAP.ACU,NA,543,NA,NA,
35,captivity,X2714,X2714,CAP.ACU,NA,523,NA,NA,
35,captivity,X2716,X2716,CAP.ACU,NA,535,NA,NA,
35,captivity,X2717,X2717,CAP.ACU,NA,530,NA,NA,
35,captivity,X2718,X2718,CAP.ACU,NA,529,NA,NA,
35,captivity,X2720,X2720,CAP.ACU,NA,526,NA,NA,
35,captivity,X2810,X2810,CAP.ACU,NA,530,NA,NA,
35,captivity,X2812,X2812,CAP.ACU,NA,531,NA,NA,
35,captivity,X2814,X2814,CAP.ACU,NA,527,NA,NA,
35,captivity,X2815,X2815,CAP.ACU,NA,522,NA,NA,
35,captivity,X2816,X2816,CAP.ACU,NA,529,NA,NA,
35,captivity,X2817,X2817,CAP.ACU,NA,519,NA,NA,
35,captivity,X2821,X2821,CAP.ACU,NA,525,NA,NA,
35,captivity,X2822,X2822,CAP.ACU,NA,532,NA,NA,
35,captivity,X2823,X2823,CAP.ACU,NA,538,NA,NA,
35,captivity,X2824,X2824,CAP.ACU,NA,530,NA,NA,
35,captivity,X2825,X2825,CAP.ACU,NA,530,NA,NA,
35,captivity,X2826,X2826,CAP.ACU,NA,521,NA,NA,
35,captivity,X2827,X2827,CAP.ACU,NA,522,NA,NA,
35,captivity,X2828,X2828,CAP.ACU,NA,518,NA,NA,
35,captivity,X2829,X2829,CAP.ACU,NA,522,NA,NA,
35,captivity,X2830,X2830,CAP.ACU,NA,540,NA,NA,
35,captivity,X2833,X2833,CAP.ACU,NA,532,NA,NA,
35,captivity,X2851,X2851,CAP.ACU,NA,526,NA,NA,
35,captivity,X2852,X2852,CAP.ACU,NA,531,NA,NA,
35,captivity,X2853,X2853,CAP.ACU,NA,528,NA,NA,
35,captivity,X2854,X2854,CAP.ACU,NA,529,NA,NA,
35,captivity,X2855,X2855,CAP.ACU,NA,529,NA,NA,
35,captivity,X2858,X2858,CAP.ACU,NA,531,NA,NA,
35,captivity,X2859,X2859,CAP.ACU,NA,534,NA,NA,
35,captivity,X2860,X2860,CAP.ACU,NA,532,NA,NA,
35,captivity,X2881,X2881,CAP.ACU,NA,531,NA,NA,
35,captivity,X2882,X2882,CAP.ACU,NA,537,NA,NA,
35,captivity,X2891,X2891,CAP.ACU,NA,537,NA,NA,
35,captivity,X2893,X2893,CAP.ACU,NA,536,NA,NA,
35,captivity,X2903,X2903,CAP.ACU,NA,529,NA,NA,
35,captivity,X2904,X2904,CAP.ACU,NA,520,NA,NA,
35,captivity,X2906,X2906,CAP.ACU,NA,533,NA,NA,
35,captivity,X2907,X2907,CAP.ACU,NA,528,NA,NA,
35,captivity,X2909,X2909,CAP.ACU,NA,523,NA,NA,
35,captivity,X2918,X2918,CAP.ACU,NA,533,NA,NA,
35,captivity,X2921,X2921,CAP.ACU,NA,530,NA,NA,
35,captivity,X2922,X2922,CAP.ACU,NA,527,NA,NA,
35,captivity,X2923,X2923,CAP.ACU,NA,531,NA,NA,
35,captivity,X2924,X2924,CAP.ACU,NA,526,NA,NA,
35,captivity,X2929,X2929,CAP.ACU,NA,526,NA,NA,
35,captivity,X2930,X2930,CAP.ACU,NA,533,NA,NA,
35,captivity,X2931,X2931,CAP.ACU,NA,520,NA,NA,
35,captivity,X2932,X2932,CAP.ACU,NA,527,NA,NA,
35,captivity,X2934,X2934,CAP.ACU,NA,522,NA,NA,
35,captivity,X2935,X2935,CAP.ACU,NA,528,NA,NA,
35,captivity,X2937,X2937,CAP.ACU,NA,526,NA,NA,
35,captivity,X2947,X2947,CAP.ACU,NA,527,NA,NA,
35,captivity,X2960,X2960,CAP.ACU,NA,519,NA,NA,
35,captivity,X2962,X2962,CAP.ACU,NA,519,NA,NA,
35,captivity,X2963,X2963,CAP.ACU,NA,518,NA,NA,
35,captivity,X2968,X2968,CAP.ACU,NA,532,NA,NA,
35,captivity,X2970,X2970,CAP.ACU,NA,529,NA,NA,
35,captivity,X2971,X2971,CAP.ACU,NA,527,NA,NA,
35,captivity,X2972,X2972,CAP.ACU,NA,527,NA,NA,
35,captivity,X2975,X2975,CAP.ACU,NA,538,NA,NA,
35,captivity,X2983,X2983,CAP.ACU,NA,524,NA,NA,
35,captivity,X2986,X2986,CAP.ACU,NA,525,NA,NA,
35,captivity,X2992,X2992,CAP.ACU,NA,535,NA,NA,
35,captivity,X2994,X2994,CAP.ACU,NA,529,NA,NA,
35,captivity,X2995,X2995,CAP.ACU,NA,527,NA,NA,
35,captivity,X770,X770,CAP.ACU,NA,528,NA,NA,
35,captivity,X772,X772,CAP.ACU,NA,531,NA,NA,
35,captivity,X774,X774,CAP.ACU,NA,523,NA,NA,
35,captivity,X775,X775,CAP.ACU,NA,532,NA,NA,
35,captivity,X776,X776,CAP.ACU,NA,528,NA,NA,
35,captivity,X778,X778,CAP.ACU,NA,523,NA,NA,
35,captivity,X792,X792,CAP.ACU,NA,529,NA,NA,
35,captivity,X794,X794,CAP.ACU,NA,526,NA,NA,
35,captivity,X795,X795,CAP.ACU,NA,525,NA,NA,
35,captivity,X796,X796,CAP.ACU,NA,528,NA,NA,
35,captivity,X797,X797,CAP.ACU,NA,529,NA,NA,
35,captivity,X799,X799,CAP.ACU,NA,523,NA,NA,
35,captivity,X835,X835,CAP.ACU,NA,524,NA,NA,
35,captivity,X991,X991,CAP.ACU,NA,522,NA,NA,
35,captivity,X992,X992,CAP.ACU,NA,529,NA,NA,
35,captivity,X993,X993,CAP.ACU,NA,521,NA,NA,
35,captivity,X994,X994,CAP.ACU,NA,527,NA,NA,
35,captivity,X995,X995,CAP.ACU,NA,524,NA,NA,
35,captivity,X997,X997,CAP.ACU,NA,531,NA,NA,
35,captivity,X998,X998,CAP.ACU,NA,529,NA,NA,
35,captivity,X999,X999,CAP.ACU,NA,534,NA,NA,
35,captivity,Y0006,Y0006,CAP.ACU,618,522,33.99372318,1.673727799,
35,captivity,Y0020,Y0020,CAP.ACU,627,517,38.04511806,1.654353109,
35,captivity,Y0053,Y0053,CAP.ACU,618,525,39.53556266,1.680234847,
35,captivity,Y0446,Y0446,CAP.ACU,620,517,33.27227142,1.589535952,
35,captivity,Y0634,Y0634,CAP.ACU,627,529,55.62380224,1.82152094,
35,captivity,Y0636,Y0636,CAP.ACU,626,523,49.01120713,1.73934959,
35,captivity,Y318,Y318,CAP.ACU,NA,527,NA,NA,
35,captivity,Y319,Y319,CAP.ACU,NA,524,NA,NA,
35,captivity,Y320,Y320,CAP.ACU,NA,522,NA,NA,
35,captivity,Y369,Y369,CAP.ACU,NA,513,NA,NA,
35,captivity,Y370,Y370,CAP.ACU,NA,519,NA,NA,
36,captivity,B1070,W1392,CAP.F1.HEC.ACU.FEMALE,641,566,71.99,1.79,second.measure
36,captivity,B1076,W1332,CAP.F1.HEC.ACU.FEMALE,640,543,60.72,1.94,
36,captivity,B931,W1466,CAP.F1.HEC.ACU.FEMALE,653,576,64.98,1.93,
36,captivity,O1297,W1311,CAP.F1.HEC.ACU.FEMALE,667,578,73.44,1.58,
36,captivity,O2240,O2240,CAP.F1.HEC.ACU.FEMALE,631,557,52.43,1.82,
36,captivity,O2241,O2241,CAP.F1.HEC.ACU.FEMALE,630,560,57.31,0.98,
36,captivity,O2242,O2242,CAP.F1.HEC.ACU.FEMALE,640,561,58.75,1.07,
36,captivity,O2243,O2243,CAP.F1.HEC.ACU.FEMALE,645,568,66.95,1.44,
36,captivity,O2247,O2247,CAP.F1.HEC.ACU.FEMALE,630,561,54.01,0.90,
36,captivity,O2250,O2250,CAP.F1.HEC.ACU.FEMALE,629,559,48.12,1.01,
36,captivity,O2253,O2253,CAP.F1.HEC.ACU.FEMALE,639,559,56.19,1.47,
36,captivity,O2255,O2255,CAP.F1.HEC.ACU.FEMALE,640,558,69.83,1.30,
36,captivity,O2262,O2262,CAP.F1.HEC.ACU.FEMALE,640,569,58.03,1.86,
36,captivity,O2263,O2263,CAP.F1.HEC.ACU.FEMALE,641,566,67.63,1.23,
36,captivity,W1308,W1308,CAP.F1.HEC.ACU.FEMALE,NA,560,NA,NA,
36,captivity,W1350,W1350,CAP.F1.HEC.ACU.FEMALE,NA,557,NA,NA,
36,captivity,W1355,W1355,CAP.F1.HEC.ACU.FEMALE,NA,562,NA,NA,
36,captivity,W1363,W1363,CAP.F1.HEC.ACU.FEMALE,NA,560,NA,NA,
36,captivity,W1366,W1366,CAP.F1.HEC.ACU.FEMALE,NA,555,NA,NA,
36,captivity,W1368,W1368,CAP.F1.HEC.ACU.FEMALE,NA,569,NA,NA,
36,captivity,W1370,W1370,CAP.F1.HEC.ACU.FEMALE,NA,548,NA,NA,
36,captivity,W1392,W1392,CAP.F1.HEC.ACU.FEMALE,NA,564,NA,NA,first.measure
36,captivity,W1393,W1393,CAP.F1.HEC.ACU.FEMALE,NA,561,NA,NA,
36,captivity,W1396,W1396,CAP.F1.HEC.ACU.FEMALE,NA,566,NA,NA,
36,captivity,W1397,W1397,CAP.F1.HEC.ACU.FEMALE,NA,555,NA,NA,
36,captivity,W1412,W1412,CAP.F1.HEC.ACU.FEMALE,NA,559,NA,NA,
36,captivity,W1419,W1419,CAP.F1.HEC.ACU.FEMALE,NA,562,NA,NA,
36,captivity,W1420,W1420,CAP.F1.HEC.ACU.FEMALE,NA,561,NA,NA,
36,captivity,W1428,W1428,CAP.F1.HEC.ACU.FEMALE,NA,561,NA,NA,
36,captivity,W1429,W1429,CAP.F1.HEC.ACU.FEMALE,NA,563,NA,NA,
36,captivity,W1431,W1431,CAP.F1.HEC.ACU.FEMALE,NA,564,NA,NA,
36,captivity,W1432,W1432,CAP.F1.HEC.ACU.FEMALE,NA,554,NA,NA,
36,captivity,W1433,W1433,CAP.F1.HEC.ACU.FEMALE,NA,565,NA,NA,
36,captivity,W1434,W1434,CAP.F1.HEC.ACU.FEMALE,NA,560,NA,NA,
36,captivity,W1438,W1438,CAP.F1.HEC.ACU.FEMALE,NA,563,NA,NA,
36,captivity,W1451,W1451,CAP.F1.HEC.ACU.FEMALE,NA,559,NA,NA,
36,captivity,W1452,W1452,CAP.F1.HEC.ACU.FEMALE,NA,561,NA,NA,
36,captivity,W1455,W1455,CAP.F1.HEC.ACU.FEMALE,NA,550,NA,NA,
36,captivity,W1456,W1456,CAP.F1.HEC.ACU.FEMALE,NA,565,NA,NA,
36,captivity,W1457,W1457,CAP.F1.HEC.ACU.FEMALE,NA,565,NA,NA,
36,captivity,W1458,W1458,CAP.F1.HEC.ACU.FEMALE,NA,557,NA,NA,
36,captivity,W1464,W1464,CAP.F1.HEC.ACU.FEMALE,NA,562,NA,NA,
36,captivity,W1465,W1465,CAP.F1.HEC.ACU.FEMALE,NA,568,NA,NA,
36,captivity,Y060,Y060,CAP.F1.HEC.ACU.FEMALE,626,562,53.85,2.09,
36,captivity,Y061,Y061,CAP.F1.HEC.ACU.FEMALE,627,565,48.54,2.10,
36,captivity,Y062,Y062,CAP.F1.HEC.ACU.FEMALE,689,564,42.04,2.04,
36,captivity,Y072,Y072,CAP.F1.HEC.ACU.FEMALE,626,564,53.91,2.12,
36,captivity,Y085,Y085,CAP.F1.HEC.ACU.FEMALE,651,559,37.61,1.95,
36,captivity,Y094,Y094,CAP.F1.HEC.ACU.FEMALE,700,573,44.30,2.16,
36,captivity,Y095,Y095,CAP.F1.HEC.ACU.FEMALE,627,566,45.32,2.10,
36,captivity,Y097,Y097,CAP.F1.HEC.ACU.FEMALE,628,567,46.33,2.13,
36,captivity,Y136,Y136,CAP.F1.HEC.ACU.FEMALE,684,565,40.44,2.07,
36,captivity,Y151,Y151,CAP.F1.HEC.ACU.FEMALE,654,567,52.84,2.12,
36,captivity,Y152,Y152,CAP.F1.HEC.ACU.FEMALE,699,569,41.89,2.18,
36,captivity,Y330,Y330,CAP.F1.HEC.ACU.FEMALE,629,549,48.79,1.88,
36,captivity,Y331,Y331,CAP.F1.HEC.ACU.FEMALE,617,544,26.58,1.77,
36,captivity,Y333,Y333,CAP.F1.HEC.ACU.FEMALE,627,554,42.80,1.92,
36,captivity,Y334,Y334,CAP.F1.HEC.ACU.FEMALE,630,553,36.82,1.91,
36,captivity,Y346,Y346,CAP.F1.HEC.ACU.FEMALE,677,559,41.54,1.99,
36,captivity,Y348,Y348,CAP.F1.HEC.ACU.FEMALE,641,562,50.80,2.06,
36,captivity,Y448,Y448,CAP.F1.HEC.ACU.FEMALE,629,553,53.58,1.94,
36,captivity,Y449,Y449,CAP.F1.HEC.ACU.FEMALE,628,555,47.68,1.94,
36,captivity,Y538,Y538,CAP.F1.HEC.ACU.FEMALE,630,561,42.07,2.03,
36,captivity,Y731,Y731,CAP.F1.HEC.ACU.FEMALE,642,570,58.69,2.20,
36,captivity,Y732,Y732,CAP.F1.HEC.ACU.FEMALE,629,554,45.84,1.95,
36,captivity,Y733,Y733,CAP.F1.HEC.ACU.FEMALE,643,559,48.60,2.00,
36,captivity,Y748,Y748,CAP.F1.HEC.ACU.FEMALE,630,565,54.14,2.10,
37,captivity,B932,W1307,CAP.F1.HEC.ACU.MALE,644,562,55.22,2.06,second.measure
37,captivity,B938,W1367,CAP.F1.HEC.ACU.MALE,650,568,59.26,2.18,second.measure
37,captivity,O2244,O2244,CAP.F1.HEC.ACU.MALE,641,560,62.76,1.08,
37,captivity,O2246,O2246,CAP.F1.HEC.ACU.MALE,629,560,46.06,1.13,
37,captivity,O2248,O2248,CAP.F1.HEC.ACU.MALE,645,558,43.94,1.43,
37,captivity,O2254,O2254,CAP.F1.HEC.ACU.MALE,640,563,58.19,1.80,
37,captivity,O2256,O2256,CAP.F1.HEC.ACU.MALE,642,567,55.04,2.11,
37,captivity,W1287,W1287,CAP.F1.HEC.ACU.MALE,NA,574,NA,NA,
37,captivity,W1305,W1305,CAP.F1.HEC.ACU.MALE,NA,556,NA,NA,
37,captivity,W1307,W1307,CAP.F1.HEC.ACU.MALE,NA,567,NA,NA,first.measure
37,captivity,W1309,W1309,CAP.F1.HEC.ACU.MALE,NA,571,NA,NA,
37,captivity,W1349,W1349,CAP.F1.HEC.ACU.MALE,NA,567,NA,NA,
37,captivity,W1361,W1361,CAP.F1.HEC.ACU.MALE,NA,573,NA,NA,
37,captivity,W1362,W1362,CAP.F1.HEC.ACU.MALE,NA,571,NA,NA,
37,captivity,W1364,W1364,CAP.F1.HEC.ACU.MALE,NA,570,NA,NA,
37,captivity,W1365,W1365,CAP.F1.HEC.ACU.MALE,NA,572,NA,NA,
37,captivity,W1367,W1367,CAP.F1.HEC.ACU.MALE,NA,571,NA,NA,first.measure
37,captivity,W1369,W1369,CAP.F1.HEC.ACU.MALE,NA,577,NA,NA,
37,captivity,W1371,W1371,CAP.F1.HEC.ACU.MALE,NA,574,NA,NA,
37,captivity,W1372,W1372,CAP.F1.HEC.ACU.MALE,NA,575,NA,NA,
37,captivity,W1394,W1394,CAP.F1.HEC.ACU.MALE,NA,575,NA,NA,
37,captivity,W1395,W1395,CAP.F1.HEC.ACU.MALE,NA,568,NA,NA,
37,captivity,W1413,W1413,CAP.F1.HEC.ACU.MALE,NA,563,NA,NA,
37,captivity,W1427,W1427,CAP.F1.HEC.ACU.MALE,NA,562,NA,NA,
37,captivity,W1430,W1430,CAP.F1.HEC.ACU.MALE,NA,563,NA,NA,
37,captivity,W1435,W1435,CAP.F1.HEC.ACU.MALE,NA,561,NA,NA,
37,captivity,W1437,W1437,CAP.F1.HEC.ACU.MALE,NA,572,NA,NA,
37,captivity,W1453,W1453,CAP.F1.HEC.ACU.MALE,NA,569,NA,NA,
37,captivity,Y063,Y063,CAP.F1.HEC.ACU.MALE,628,575,57.90,2.28,
37,captivity,Y076,Y076,CAP.F1.HEC.ACU.MALE,641,566,45.09,2.13,
37,captivity,Y077,Y077,CAP.F1.HEC.ACU.MALE,630,558,34.62,1.95,
37,captivity,Y093,Y093,CAP.F1.HEC.ACU.MALE,627,574,35.88,2.16,
37,captivity,Y133,Y133,CAP.F1.HEC.ACU.MALE,642,567,43.42,2.13,
37,captivity,Y134,Y134,CAP.F1.HEC.ACU.MALE,668,569,47.02,2.16,
37,captivity,Y141,Y141,CAP.F1.HEC.ACU.MALE,700,576,51.88,2.27,
37,captivity,Y142,Y142,CAP.F1.HEC.ACU.MALE,700,577,51.60,2.31,
37,captivity,Y143,Y143,CAP.F1.HEC.ACU.MALE,674,576,59.31,2.27,
37,captivity,Y144,Y144,CAP.F1.HEC.ACU.MALE,686,580,36.48,2.30,
37,captivity,Y145,Y145,CAP.F1.HEC.ACU.MALE,684,581,34.17,2.29,
37,captivity,Y153,Y153,CAP.F1.HEC.ACU.MALE,632,563,43.06,2.08,
37,captivity,Y154,Y154,CAP.F1.HEC.ACU.MALE,675,571,37.13,2.11,
37,captivity,Y155,Y155,CAP.F1.HEC.ACU.MALE,660,564,48.37,2.05,
37,captivity,Y332,Y332,CAP.F1.HEC.ACU.MALE,640,561,44.97,2.03,
37,captivity,Y344,Y344,CAP.F1.HEC.ACU.MALE,629,558,48.68,2.00,
37,captivity,Y345,Y345,CAP.F1.HEC.ACU.MALE,700,556,44.53,2.01,
37,captivity,Y349,Y349,CAP.F1.HEC.ACU.MALE,655,564,47.78,2.10,
37,captivity,Y393,Y393,CAP.F1.HEC.ACU.MALE,628,566,46.59,2.11,
37,captivity,Y394,Y394,CAP.F1.HEC.ACU.MALE,641,573,45.09,2.19,
37,captivity,Y537,Y537,CAP.F1.HEC.ACU.MALE,631,556,43.16,1.95,
37,captivity,Y647,Y647,CAP.F1.HEC.ACU.MALE,700,570,54.05,2.21,
37,captivity,Y734,Y734,CAP.F1.HEC.ACU.MALE,639,562,55.83,2.12,
37,captivity,Y747,Y747,CAP.F1.HEC.ACU.MALE,639,567,47.73,2.15,
37,captivity,Y749,Y749,CAP.F1.HEC.ACU.MALE,632,563,57.84,2.09,
38,captivity,B1071,W1415,CAP.F1.ACU.HEC.FEMALE,651,574,66.37,2.17,second.measure
38,captivity,B910,W1243,CAP.F1.ACU.HEC.FEMALE,631,569,63.78,1.82,
38,captivity,B926,W1242,CAP.F1.ACU.HEC.FEMALE,669,582,64.50,1.94,second.measure
38,captivity,O1293,W1385,CAP.F1.ACU.HEC.FEMALE,654,573,59.45,2.26,second.measure
38,captivity,O1302,W1381,CAP.F1.ACU.HEC.FEMALE,666,581,69.48,1.67,second.measure
38,captivity,O1307,W1439,CAP.F1.ACU.HEC.FEMALE,676,578,69.80,1.77,
38,captivity,O1309,W1315,CAP.F1.ACU.HEC.FEMALE,653,579,68.97,2.17,second.measure
38,captivity,O1313,W1514,CAP.F1.ACU.HEC.FEMALE,643,566,58.66,2.13,
38,captivity,O2233,O2233,CAP.F1.ACU.HEC.FEMALE,640,562,64.88,1.14,
38,captivity,O2234,O2234,CAP.F1.ACU.HEC.FEMALE,640,565,60.46,1.39,
38,captivity,O2235,O2235,CAP.F1.ACU.HEC.FEMALE,668,580,64.39,1.61,
38,captivity,O2238,O2238,CAP.F1.ACU.HEC.FEMALE,664,580,61.93,2.36,
38,captivity,O2251,O2251,CAP.F1.ACU.HEC.FEMALE,641,569,50.79,1.40,
38,captivity,O2257,O2257,CAP.F1.ACU.HEC.FEMALE,631,558,47.31,1.20,
38,captivity,O2259,O2259,CAP.F1.ACU.HEC.FEMALE,639,558,42.83,2.01,
38,captivity,O2264,O2264,CAP.F1.ACU.HEC.FEMALE,641,570,56.37,2.17,
38,captivity,O2265,O2265,CAP.F1.ACU.HEC.FEMALE,644,570,52.44,2.15,
38,captivity,O2267,O2267,CAP.F1.ACU.HEC.FEMALE,653,578,58.97,2.34,
38,captivity,W1242,W1242,CAP.F1.ACU.HEC.FEMALE,NA,574,NA,NA,first.measure
38,captivity,W1313,W1313,CAP.F1.ACU.HEC.FEMALE,NA,580,NA,NA,
38,captivity,W1315,W1315,CAP.F1.ACU.HEC.FEMALE,NA,560,NA,NA,first.measure
38,captivity,W1317,W1317,CAP.F1.ACU.HEC.FEMALE,NA,576,NA,NA,
38,captivity,W1343,W1343,CAP.F1.ACU.HEC.FEMALE,NA,575,NA,NA,
38,captivity,W1346,W1346,CAP.F1.ACU.HEC.FEMALE,NA,583,NA,NA,
38,captivity,W1348,W1348,CAP.F1.ACU.HEC.FEMALE,NA,576,NA,NA,
38,captivity,W1356,W1356,CAP.F1.ACU.HEC.FEMALE,NA,569,NA,NA,
38,captivity,W1357,W1357,CAP.F1.ACU.HEC.FEMALE,NA,563,NA,NA,
38,captivity,W1360,W1360,CAP.F1.ACU.HEC.FEMALE,NA,575,NA,NA,
38,captivity,W1375,W1375,CAP.F1.ACU.HEC.FEMALE,NA,578,NA,NA,
38,captivity,W1376,W1376,CAP.F1.ACU.HEC.FEMALE,NA,569,NA,NA,
38,captivity,W1380,W1380,CAP.F1.ACU.HEC.FEMALE,NA,586,NA,NA,
38,captivity,W1381,W1381,CAP.F1.ACU.HEC.FEMALE,NA,579,NA,NA,first.measure
38,captivity,W1383,W1383,CAP.F1.ACU.HEC.FEMALE,NA,571,NA,NA,
38,captivity,W1385,W1385,CAP.F1.ACU.HEC.FEMALE,NA,568,NA,NA,first.measure
38,captivity,W1400,W1400,CAP.F1.ACU.HEC.FEMALE,NA,572,NA,NA,
38,captivity,W1401,W1401,CAP.F1.ACU.HEC.FEMALE,NA,554,NA,NA,
38,captivity,W1405,W1405,CAP.F1.ACU.HEC.FEMALE,NA,569,NA,NA,
38,captivity,W1408,W1408,CAP.F1.ACU.HEC.FEMALE,NA,564,NA,NA,
38,captivity,W1415,W1415,CAP.F1.ACU.HEC.FEMALE,NA,565,NA,NA,first.measure
38,captivity,W1417,W1417,CAP.F1.ACU.HEC.FEMALE,NA,574,NA,NA,
38,captivity,W1425,W1425,CAP.F1.ACU.HEC.FEMALE,NA,571,NA,NA,
38,captivity,W1442,W1442,CAP.F1.ACU.HEC.FEMALE,NA,567,NA,NA,
38,captivity,W1449,W1449,CAP.F1.ACU.HEC.FEMALE,NA,572,NA,NA,
38,captivity,W1460,W1460,CAP.F1.ACU.HEC.FEMALE,NA,576,NA,NA,
38,captivity,W1461,W1461,CAP.F1.ACU.HEC.FEMALE,NA,564,NA,NA,
38,captivity,Y106,Y106,CAP.F1.ACU.HEC.FEMALE,687,581,48.21,2.34,
38,captivity,Y107,Y107,CAP.F1.ACU.HEC.FEMALE,685,569,36.38,2.14,
38,captivity,Y108,Y108,CAP.F1.ACU.HEC.FEMALE,684,578,36.93,2.22,
38,captivity,Y109,Y109,CAP.F1.ACU.HEC.FEMALE,700,579,34.13,2.27,
38,captivity,Y118,Y118,CAP.F1.ACU.HEC.FEMALE,628,573,33.83,2.13,
38,captivity,Y121,Y121,CAP.F1.ACU.HEC.FEMALE,664,574,41.90,2.21,
38,captivity,Y122,Y122,CAP.F1.ACU.HEC.FEMALE,628,572,39.89,2.16,
38,captivity,Y131,Y131,CAP.F1.ACU.HEC.FEMALE,677,565,50.71,2.07,
38,captivity,Y132,Y132,CAP.F1.ACU.HEC.FEMALE,700,566,53.13,2.15,
38,captivity,Y365,Y365,CAP.F1.ACU.HEC.FEMALE,641,570,53.41,2.18,
38,captivity,Y432,Y432,CAP.F1.ACU.HEC.FEMALE,640,569,49.62,2.16,
38,captivity,Y520,Y520,CAP.F1.ACU.HEC.FEMALE,641,566,45.12,2.07,
38,captivity,Y522,Y522,CAP.F1.ACU.HEC.FEMALE,641,558,53.20,2.03,
38,captivity,Y523,Y523,CAP.F1.ACU.HEC.FEMALE,644,564,51.69,2.10,
38,captivity,Y524,Y524,CAP.F1.ACU.HEC.FEMALE,653,563,47.34,2.10,
38,captivity,Y644,Y644,CAP.F1.ACU.HEC.FEMALE,643,574,57.27,2.25,
38,captivity,Y716,Y716,CAP.F1.ACU.HEC.FEMALE,629,566,34.88,2.03,
38,captivity,Y725,Y725,CAP.F1.ACU.HEC.FEMALE,652,572,52.37,2.23,
39,captivity,B907,W1314,CAP.F1.ACU.HEC.MALE,642,567,67.03,2.13,second.measure
39,captivity,B911,W1406,CAP.F1.ACU.HEC.MALE,642,570,67.53,1.94,second.measure
39,captivity,B913,W1416,CAP.F1.ACU.HEC.MALE,674,572,65.90,2.04,second.measure
39,captivity,B915,W1463,CAP.F1.ACU.HEC.MALE,656,575,64.51,1.37,second.measure
39,captivity,B917,W1462,CAP.F1.ACU.HEC.MALE,650,570,65.54,1.79,second.measure
39,captivity,B918,W1384,CAP.F1.ACU.HEC.MALE,650,570,66.90,1.98,second.measure
39,captivity,B920,W1244,CAP.F1.ACU.HEC.MALE,658,572,61.79,1.95,
39,captivity,B922,W1446,CAP.F1.ACU.HEC.MALE,668,573,67.92,1.65,second.measure
39,captivity,B923,W1358,CAP.F1.ACU.HEC.MALE,644,570,57.32,2.19,second.measure
39,captivity,B928,W1354,CAP.F1.ACU.HEC.MALE,653,572,73.07,1.72,second.measure
39,captivity,B934,W1312,CAP.F1.ACU.HEC.MALE,640,561,67.41,2.10,second.measure
39,captivity,B937,W1386,CAP.F1.ACU.HEC.MALE,653,578,70.21,1.91,second.measure
39,captivity,B940,W1285,CAP.F1.ACU.HEC.MALE,654,578,59.81,2.36,
39,captivity,B941,W1345,CAP.F1.ACU.HEC.MALE,656,579,52.19,2.34,second.measure
39,captivity,O2232,O2232,CAP.F1.ACU.HEC.MALE,657,571,75.72,1.59,
39,captivity,O2236,O2236,CAP.F1.ACU.HEC.MALE,657,578,61.95,2.11,
39,captivity,O2237,O2237,CAP.F1.ACU.HEC.MALE,651,575,65.54,2.23,
39,captivity,O2258,O2258,CAP.F1.ACU.HEC.MALE,642,557,49.43,2.02,
39,captivity,O2260,O2260,CAP.F1.ACU.HEC.MALE,642,562,45.33,1.31,
39,captivity,O2261,O2261,CAP.F1.ACU.HEC.MALE,643,573,61.94,2.24,
39,captivity,O2266,O2266,CAP.F1.ACU.HEC.MALE,655,574,50.60,1.51,
39,captivity,W1312,W1312,CAP.F1.ACU.HEC.MALE,NA,574,NA,NA,first.measure
39,captivity,W1314,W1314,CAP.F1.ACU.HEC.MALE,NA,573,NA,NA,first.measure
39,captivity,W1316,W1316,CAP.F1.ACU.HEC.MALE,NA,561,NA,NA,
39,captivity,W1344,W1344,CAP.F1.ACU.HEC.MALE,NA,568,NA,NA,
39,captivity,W1345,W1345,CAP.F1.ACU.HEC.MALE,NA,571,NA,NA,first.measure
39,captivity,W1347,W1347,CAP.F1.ACU.HEC.MALE,NA,577,NA,NA,
39,captivity,W1351,W1351,CAP.F1.ACU.HEC.MALE,NA,565,NA,NA,
39,captivity,W1352,W1352,CAP.F1.ACU.HEC.MALE,NA,559,NA,NA,
39,captivity,W1354,W1354,CAP.F1.ACU.HEC.MALE,NA,571,NA,NA,first.measure
39,captivity,W1358,W1358,CAP.F1.ACU.HEC.MALE,NA,574,NA,NA,first.measure
39,captivity,W1359,W1359,CAP.F1.ACU.HEC.MALE,NA,563,NA,NA,
39,captivity,W1374,W1374,CAP.F1.ACU.HEC.MALE,NA,575,NA,NA,
39,captivity,W1377,W1377,CAP.F1.ACU.HEC.MALE,NA,568,NA,NA,
39,captivity,W1379,W1379,CAP.F1.ACU.HEC.MALE,NA,571,NA,NA,
39,captivity,W1382,W1382,CAP.F1.ACU.HEC.MALE,NA,580,NA,NA,
39,captivity,W1384,W1384,CAP.F1.ACU.HEC.MALE,NA,574,NA,NA,first.measure
39,captivity,W1386,W1386,CAP.F1.ACU.HEC.MALE,NA,575,NA,NA,first.measure
39,captivity,W1402,W1402,CAP.F1.ACU.HEC.MALE,NA,560,NA,NA,
39,captivity,W1403,W1403,CAP.F1.ACU.HEC.MALE,NA,577,NA,NA,
39,captivity,W1404,W1404,CAP.F1.ACU.HEC.MALE,NA,553,NA,NA,
39,captivity,W1406,W1406,CAP.F1.ACU.HEC.MALE,NA,574,NA,NA,first.measure
39,captivity,W1407,W1407,CAP.F1.ACU.HEC.MALE,NA,570,NA,NA,
39,captivity,W1416,W1416,CAP.F1.ACU.HEC.MALE,NA,564,NA,NA,first.measure
39,captivity,W1418,W1418,CAP.F1.ACU.HEC.MALE,NA,570,NA,NA,
39,captivity,W1423,W1423,CAP.F1.ACU.HEC.MALE,NA,570,NA,NA,
39,captivity,W1424,W1424,CAP.F1.ACU.HEC.MALE,NA,570,NA,NA,
39,captivity,W1426,W1426,CAP.F1.ACU.HEC.MALE,NA,574,NA,NA,
39,captivity,W1440,W1440,CAP.F1.ACU.HEC.MALE,NA,569,NA,NA,
39,captivity,W1441,W1441,CAP.F1.ACU.HEC.MALE,NA,555,NA,NA,
39,captivity,W1444,W1444,CAP.F1.ACU.HEC.MALE,NA,579,NA,NA,
39,captivity,W1446,W1446,CAP.F1.ACU.HEC.MALE,NA,569,NA,NA,first.measure
39,captivity,W1462,W1462,CAP.F1.ACU.HEC.MALE,NA,573,NA,NA,first.measure
39,captivity,W1463,W1463,CAP.F1.ACU.HEC.MALE,NA,574,NA,NA,first.measure
39,captivity,Y101,Y101,CAP.F1.ACU.HEC.MALE,685,571,35.34,2.13,
39,captivity,Y120,Y120,CAP.F1.ACU.HEC.MALE,670,576,40.55,2.24,
39,captivity,Y148,Y148,CAP.F1.ACU.HEC.MALE,672,569,49.63,2.16,
39,captivity,Y339,Y339,CAP.F1.ACU.HEC.MALE,642,572,42.99,2.19,
39,captivity,Y341,Y341,CAP.F1.ACU.HEC.MALE,654,577,45.93,2.25,
39,captivity,Y525,Y525,CAP.F1.ACU.HEC.MALE,657,560,49.16,2.08,
39,captivity,Y724,Y724,CAP.F1.ACU.HEC.MALE,643,572,53.20,2.24,
39,captivity,Y726,Y726,CAP.F1.ACU.HEC.MALE,643,572,60.36,2.25,
39,captivity,Y727,Y727,CAP.F1.ACU.HEC.MALE,654,572,59.14,2.26,
40,captivity,73780,73780,CAP.HEC,NA,586,NA,NA,
40,captivity,73782,73782,CAP.HEC,NA,592,NA,NA,
40,captivity,73783,73783,CAP.HEC,NA,592,NA,NA,
40,captivity,73785,73785,CAP.HEC,NA,580,NA,NA,
40,captivity,73787,73787,CAP.HEC,NA,590,NA,NA,
40,captivity,73791,73791,CAP.HEC,NA,582,NA,NA,
40,captivity,73792,73792,CAP.HEC,NA,582,NA,NA,
40,captivity,73793,73793,CAP.HEC,NA,587,NA,NA,
40,captivity,73794,73794,CAP.HEC,NA,585,NA,NA,
40,captivity,73795,73795,CAP.HEC,NA,577,NA,NA,
40,captivity,73796,73796,CAP.HEC,NA,586,NA,NA,
40,captivity,73797,73797,CAP.HEC,NA,587,NA,NA,
40,captivity,73799,73799,CAP.HEC,NA,586,NA,NA,
40,captivity,73800,73800,CAP.HEC,NA,586,NA,NA,
40,captivity,73893,73893,CAP.HEC,NA,572,NA,NA,
40,captivity,73900,73900,CAP.HEC,NA,583,NA,NA,
40,captivity,73901,73901,CAP.HEC,NA,583,NA,NA,
40,captivity,73902,73902,CAP.HEC,NA,582,NA,NA,
40,captivity,73903,73903,CAP.HEC,NA,583,NA,NA,
40,captivity,73906,73906,CAP.HEC,NA,580,NA,NA,
40,captivity,73907,73907,CAP.HEC,NA,585,NA,NA,
40,captivity,73908,73908,CAP.HEC,NA,589,NA,NA,
40,captivity,73909,73909,CAP.HEC,NA,591,NA,NA,
40,captivity,73910,73910,CAP.HEC,NA,574,NA,NA,
40,captivity,73911,73911,CAP.HEC,NA,578,NA,NA,
40,captivity,73912,73912,CAP.HEC,NA,585,NA,NA,
40,captivity,73913,73913,CAP.HEC,NA,577,NA,NA,
40,captivity,73915,73915,CAP.HEC,NA,577,NA,NA,
40,captivity,73917,73917,CAP.HEC,NA,575,NA,NA,
40,captivity,73918,73918,CAP.HEC,NA,588,NA,NA,
40,captivity,73919,73919,CAP.HEC,NA,587,NA,NA,
40,captivity,73920,73920,CAP.HEC,NA,575,NA,NA,
40,captivity,73922,73922,CAP.HEC,NA,585,NA,NA,
40,captivity,73923,73923,CAP.HEC,NA,587,NA,NA,
40,captivity,73926,73926,CAP.HEC,NA,579,NA,NA,
40,captivity,73928,73928,CAP.HEC,NA,580,NA,NA,
40,captivity,73929,73929,CAP.HEC,NA,587,NA,NA,
40,captivity,73930,73930,CAP.HEC,NA,584,NA,NA,
40,captivity,73931,73931,CAP.HEC,NA,579,NA,NA,
40,captivity,73933,73933,CAP.HEC,NA,590,NA,NA,
40,captivity,73934,73934,CAP.HEC,NA,584,NA,NA,
40,captivity,73935,73935,CAP.HEC,NA,585,NA,NA,
40,captivity,73936,73936,CAP.HEC,NA,583,NA,NA,
40,captivity,73937,73937,CAP.HEC,NA,591,NA,NA,
40,captivity,73938,73938,CAP.HEC,NA,578,NA,NA,
40,captivity,73939,73939,CAP.HEC,NA,581,NA,NA,
40,captivity,73940,73940,CAP.HEC,NA,589,NA,NA,
40,captivity,73942,73942,CAP.HEC,NA,589,NA,NA,
40,captivity,73944,73944,CAP.HEC,NA,582,NA,NA,
40,captivity,73945,73945,CAP.HEC,NA,586,NA,NA,
40,captivity,73946,73946,CAP.HEC,NA,583,NA,NA,
40,captivity,73947,73947,CAP.HEC,NA,579,NA,NA,
40,captivity,73948,73948,CAP.HEC,NA,578,NA,NA,
40,captivity,73950,73950,CAP.HEC,NA,586,NA,NA,
40,captivity,73951,73951,CAP.HEC,NA,578,NA,NA,
40,captivity,73953,73953,CAP.HEC,NA,591,NA,NA,
40,captivity,73954,73954,CAP.HEC,NA,582,NA,NA,
40,captivity,73955,73955,CAP.HEC,NA,582,NA,NA,
40,captivity,73956,73956,CAP.HEC,NA,578,NA,NA,
40,captivity,73957,73957,CAP.HEC,NA,593,NA,NA,
40,captivity,73958,73958,CAP.HEC,NA,585,NA,NA,
40,captivity,73959,73959,CAP.HEC,NA,587,NA,NA,
40,captivity,73960,73960,CAP.HEC,NA,585,NA,NA,
40,captivity,73961,73961,CAP.HEC,NA,568,NA,NA,
40,captivity,73966,73966,CAP.HEC,NA,578,NA,NA,
40,captivity,73972,73972,CAP.HEC,NA,577,NA,NA,
40,captivity,73973,73973,CAP.HEC,NA,591,NA,NA,
40,captivity,Y0427,Y0427,CAP.HEC,680,581,56.07436899,2.358511933,
40,captivity,Y0430,Y0430,CAP.HEC,672,583,45.69704952,2.327237988,
40,captivity,Y0454,Y0454,CAP.HEC,645,572,48.93503813,2.155420232,
40,captivity,Y0641,Y0641,CAP.HEC,672,579,50.34161899,2.256743696,
40,captivity,Y0651,Y0651,CAP.HEC,698,578,61.81146166,2.367580837,
40,captivity,Y0660,Y0660,CAP.HEC,654,580,54.9923859,2.334104189,
40,captivity,Y0661,Y0661,CAP.HEC,672,579,64.47977991,2.327159095,
40,captivity,Y0773,Y0773,CAP.HEC,684,589,63.68119134,2.547621197,
40,captivity,Y1128,Y1128,CAP.HEC,642,581,42.3714037,2.369077204,
40,captivity,Y1244,Y1244,CAP.HEC,680,587,52.0384929,2.515812499,
40,captivity,Y1253,Y1253,CAP.HEC,677,588,55.70312463,2.582623708,
40,captivity,Y1263,Y1263,CAP.HEC,685,593,61.25892641,2.791670481,
40,captivity,Y1270,Y1270,CAP.HEC,685,592,54.7480183,2.656847007,
40,captivity,Y1273,Y1273,CAP.HEC,644,582,68.2275438,2.478526648,
40,captivity,Y1280,Y1280,CAP.HEC,685,591,65.5240778,2.756342715,
40,captivity,Y1284,Y1284,CAP.HEC,646,580,47.67401365,2.343699139,
40,captivity,Y1286,Y1286,CAP.HEC,677,585,63.35392176,2.545412079,
40,captivity,Y1414,Y1414,CAP.HEC,679,587,59.24302913,2.567821369,
40,captivity,Y1417,Y1417,CAP.HEC,680,591,68.63452346,2.747805955,
40,captivity,Y191,Y191,CAP.HEC,NA,579,NA,NA,
40,captivity,Y192,Y192,CAP.HEC,NA,581,NA,NA,
40,captivity,Y193,Y193,CAP.HEC,NA,587,NA,NA,
40,captivity,Y194,Y194,CAP.HEC,NA,589,NA,NA,
40,captivity,Y195,Y195,CAP.HEC,NA,583,NA,NA,
40,captivity,Y196,Y196,CAP.HEC,NA,578,NA,NA,
40,captivity,Y203,Y203,CAP.HEC,NA,587,NA,NA,
40,captivity,Y226,Y226,CAP.HEC,NA,588,NA,NA,
40,captivity,Y228,Y228,CAP.HEC,NA,589,NA,NA,
40,captivity,Y229,Y229,CAP.HEC,NA,586,NA,NA,
40,captivity,Y230,Y230,CAP.HEC,NA,579,NA,NA,
40,captivity,Y231,Y231,CAP.HEC,NA,585,NA,NA,
40,captivity,Y237,Y237,CAP.HEC,NA,576,NA,NA,
40,captivity,Y239,Y239,CAP.HEC,NA,568,NA,NA,
40,captivity,Y241,Y241,CAP.HEC,NA,595,NA,NA,
40,captivity,Y242,Y242,CAP.HEC,NA,588,NA,NA,
40,captivity,Y244,Y244,CAP.HEC,NA,582,NA,NA,
40,captivity,Y245,Y245,CAP.HEC,NA,587,NA,NA,
40,captivity,Y246,Y246,CAP.HEC,NA,578,NA,NA,
40,captivity,Y270,Y270,CAP.HEC,NA,581,NA,NA,
40,captivity,Y296,Y296,CAP.HEC,NA,587,NA,NA,
40,captivity,Y297,Y297,CAP.HEC,NA,592,NA,NA,
40,captivity,Y298,Y298,CAP.HEC,NA,592,NA,NA,
40,captivity,Y299,Y299,CAP.HEC,NA,588,NA,NA,
40,captivity,Y300,Y300,CAP.HEC,NA,590,NA,NA,
40,captivity,Y314,Y314,CAP.HEC,NA,591,NA,NA,
40,captivity,Y315,Y315,CAP.HEC,NA,588,NA,NA,
40,captivity,Y316,Y316,CAP.HEC,NA,592,NA,NA,
40,captivity,Y317,Y317,CAP.HEC,NA,592,NA,NA,
40,captivity,Y321,Y321,CAP.HEC,NA,590,NA,NA,
40,captivity,Y322,Y322,CAP.HEC,NA,587,NA,NA,
40,captivity,Y323,Y323,CAP.HEC,NA,584,NA,NA,
40,captivity,Y324,Y324,CAP.HEC,NA,580,NA,NA,
40,captivity,Y335,Y335,CAP.HEC,NA,588,NA,NA,
40,captivity,Y336,Y336,CAP.HEC,NA,585,NA,NA,
40,captivity,Y338,Y338,CAP.HEC,NA,584,NA,NA,
40,captivity,Y357,Y357,CAP.HEC,NA,585,NA,NA,
40,captivity,Y358,Y358,CAP.HEC,NA,578,NA,NA,
40,captivity,Y359,Y359,CAP.HEC,NA,577,NA,NA,
40,captivity,Y363,Y363,CAP.HEC,NA,576,NA,NA,
40,captivity,Y390,Y390,CAP.HEC,NA,587,NA,NA,
40,captivity,Y426,Y426,CAP.HEC,NA,588,NA,NA,
40,captivity,Y427,Y427,CAP.HEC,NA,581,NA,NA,
40,captivity,Y428,Y428,CAP.HEC,NA,581,NA,NA,
40,captivity,Y429,Y429,CAP.HEC,NA,582,NA,NA,
40,captivity,Y430,Y430,CAP.HEC,NA,583,NA,NA,
40,captivity,Y438,Y438,CAP.HEC,NA,586,NA,NA,
40,captivity,Y439,Y439,CAP.HEC,NA,585,NA,NA,
40,captivity,Y440,Y440,CAP.HEC,NA,586,NA,NA,
40,captivity,Y442,Y442,CAP.HEC,NA,581,NA,NA,
40,captivity,Y443,Y443,CAP.HEC,NA,578,NA,NA,
40,captivity,Y450,Y450,CAP.HEC,NA,579,NA,NA,
40,captivity,Y451,Y451,CAP.HEC,NA,579,NA,NA,
40,captivity,Y452,Y452,CAP.HEC,NA,582,NA,NA,
40,captivity,Y454,Y454,CAP.HEC,NA,572,NA,NA,
40,captivity,Y455,Y455,CAP.HEC,NA,585,NA,NA,
40,captivity,Y456,Y456,CAP.HEC,NA,581,NA,NA,
40,captivity,Y465,Y465,CAP.HEC,NA,569,NA,NA,
40,captivity,Y466,Y466,CAP.HEC,NA,572,NA,NA,
40,captivity,Y490,Y490,CAP.HEC,NA,577,NA,NA,
40,captivity,Y493,Y493,CAP.HEC,NA,581,NA,NA,
40,captivity,Y509,Y509,CAP.HEC,NA,570,NA,NA,
40,captivity,Y510,Y510,CAP.HEC,NA,583,NA,NA,
40,captivity,Y517,Y517,CAP.HEC,NA,575,NA,NA,
40,captivity,Y529,Y529,CAP.HEC,NA,578,NA,NA,
40,captivity,Y530,Y530,CAP.HEC,NA,573,NA,NA,
40,captivity,Y531,Y531,CAP.HEC,NA,578,NA,NA,
40,captivity,Y532,Y532,CAP.HEC,NA,571,NA,NA,
40,captivity,Y533,Y533,CAP.HEC,NA,570,NA,NA,
40,captivity,Y534,Y534,CAP.HEC,NA,568,NA,NA,
40,captivity,Y540,Y540,CAP.HEC,NA,585,NA,NA,
40,captivity,Y640,Y640,CAP.HEC,NA,574,NA,NA,
40,captivity,Y641,Y641,CAP.HEC,NA,579,NA,NA,
40,captivity,Y642,Y642,CAP.HEC,NA,580,NA,NA,
40,captivity,Y649,Y649,CAP.HEC,NA,570,NA,NA,
40,captivity,Y650,Y650,CAP.HEC,NA,575,NA,NA,
40,captivity,Y651,Y651,CAP.HEC,NA,578,NA,NA,
40,captivity,Y659,Y659,CAP.HEC,NA,585,NA,NA,
40,captivity,Y660,Y660,CAP.HEC,NA,580,NA,NA,
40,captivity,Y661,Y661,CAP.HEC,NA,579,NA,NA,
40,captivity,Y773,Y773,CAP.HEC,NA,589,NA,NA,
40,captivity,Y962,Y962,CAP.HEC,NA,588,NA,NA,
40,captivity,Y963,Y963,CAP.HEC,NA,588,NA,NA,
40,captivity,Y964,Y964,CAP.HEC,NA,585,NA,NA,
40,captivity,Y967,Y967,CAP.HEC,NA,578,NA,NA,
40,captivity,Y968,Y968,CAP.HEC,NA,569,NA,NA,
40,captivity,Y970,Y970,CAP.HEC,NA,578,NA,NA,