chrom,pos,snp,S0.prop_1,S1.prop_1,exp_mean_log_v,v_lower_95,v_upper_95,v_pvalue,invlogit_mean_logit_centre,centre_lower_95,centre_upper_95,centre_pvalue,mean_log_v,var_log_v,mean_logit_centre,var_logit_centre,cov_log_v_logit_centre,npar,sum_npar
chr20,302887,chr20:302887,0.017,0.818,0.408,0.326,0.511,5.31E-15,0.997,0.994,0.999,6.14E-57,-0.897,0.013,5.912,0.138,-0.032,2,1298
chr20,317305,chr20:317305,0.017,0.818,0.438,0.338,0.569,5.71E-10,0.997,0.995,0.999,1.48E-56,-0.825,0.018,5.946,0.141,-0.039,2,1298
chr20,349844,chr20:349844,0.013,0.823,0.387,0.306,0.488,1.63E-15,0.998,0.996,0.999,1.66E-46,-0.951,0.014,6.308,0.194,-0.040,2,1298
chr3,73559748,chr3:73559748,0.143,0.959,0.48,0.39,0.592,6.16E-12,0.935,0.903,0.958,6.89E-32,-0.733,0.011,2.672,0.052,-0.004,2,1298
chr4A,19224352,chr4A:19224352,0.155,0.995,0.289,0.246,0.339,1.39E-51,0.572,0.451,0.685,0.241434655,-1.242,0.007,0.290,0.061,0.005,2,1298
chr4A,19228819,chr4A:19228819,0.147,0.995,0.293,0.252,0.339,3.99E-59,0.592,0.474,0.699,0.124842169,-1.229,0.006,0.370,0.058,0.003,2,1298
chr4A,19231231,chr4A:19231231,0.155,0.986,0.281,0.235,0.337,1.71E-43,0.557,0.43,0.677,0.376232918,-1.268,0.008,0.231,0.068,0.005,2,1298
chr4A,19232339,chr4A:19232339,0.164,0.995,0.294,0.246,0.351,1.90E-41,0.638,0.528,0.735,0.014441619,-1.224,0.008,0.566,0.054,0.003,2,1298
chr4A,19238112,chr4A:19238112,0.155,0.995,0.292,0.236,0.362,9.40E-30,0.659,0.528,0.77,0.018226551,-1.230,0.012,0.660,0.078,0.000,2,1298
chr4A,19240910,chr4A:19240910,0.151,0.995,0.276,0.228,0.334,6.93E-40,0.589,0.464,0.704,0.160659293,-1.286,0.009,0.361,0.066,0.005,2,1298
chr4A,19242406,chr4A:19242406,0.130,0.991,0.284,0.244,0.331,5.00E-59,0.597,0.464,0.716,0.150626759,-1.259,0.006,0.392,0.074,0.002,2,1298
chr4A,19243247,chr4A:19243247,0.151,0.977,0.276,0.234,0.326,6.26E-53,0.549,0.4,0.69,0.52097235,-1.287,0.007,0.198,0.095,0.001,2,1298
chr4A,19253269,chr4A:19253269,0.164,0.986,0.272,0.231,0.32,9.30E-55,0.612,0.486,0.726,0.081454076,-1.303,0.007,0.458,0.069,0.002,2,1298
chr4A,19254138,chr4A:19254138,0.126,0.973,0.261,0.229,0.299,6.26E-87,0.517,0.384,0.648,0.800452842,-1.342,0.005,0.070,0.076,0.001,2,1298
chr4A,19257187,chr4A:19257187,0.118,0.991,0.258,0.213,0.313,1.46E-42,0.487,0.356,0.621,0.855536694,-1.354,0.010,-0.051,0.077,0.004,2,1298
chr4A,19257831,chr4A:19257831,0.139,0.986,0.26,0.221,0.305,6.91E-61,0.535,0.406,0.66,0.594494241,-1.349,0.007,0.142,0.071,0.001,2,1298
chr4A,19260021,chr4A:19260021,0.118,0.991,0.26,0.22,0.309,5.06E-54,0.495,0.371,0.621,0.944297332,-1.345,0.008,-0.018,0.068,0.007,2,1298
chr4A,19262238,chr4A:19262238,0.118,0.986,0.264,0.224,0.311,3.39E-57,0.489,0.351,0.628,0.874126327,-1.332,0.007,-0.046,0.084,0.000,2,1298
chr4A,19263120,chr4A:19263120,0.109,0.982,0.249,0.207,0.3,1.95E-48,0.461,0.333,0.594,0.564561906,-1.389,0.009,-0.158,0.075,0.006,2,1298
chr4A,19264743,chr4A:19264743,0.122,0.982,0.267,0.229,0.312,3.85E-63,0.525,0.385,0.661,0.731325631,-1.321,0.006,0.100,0.084,0.004,2,1298
chr4A,19266254,chr4A:19266254,0.126,0.959,0.274,0.234,0.321,4.78E-58,0.482,0.36,0.605,0.772445552,-1.296,0.007,-0.074,0.065,0.004,2,1298
chr4A,19267477,chr4A:19267477,0.126,0.986,0.275,0.238,0.319,2.99E-66,0.548,0.418,0.672,0.470006356,-1.290,0.006,0.193,0.072,0.002,2,1298
chr4A,19268069,chr4A:19268069,0.143,0.995,0.269,0.228,0.317,4.40E-54,0.548,0.431,0.661,0.422056402,-1.314,0.007,0.194,0.058,0.006,2,1298
chr4A,19268683,chr4A:19268683,0.130,0.991,0.262,0.218,0.316,2.98E-45,0.522,0.413,0.63,0.689227264,-1.339,0.009,0.090,0.050,0.004,2,1298
chr4A,19269451,chr4A:19269451,0.164,0.986,0.294,0.245,0.354,4.97E-39,0.606,0.479,0.72,0.101544789,-1.223,0.009,0.430,0.069,0.000,2,1298
chr4A,19286365,chr4A:19286365,0.185,0.986,0.279,0.239,0.325,1.39E-59,0.579,0.462,0.688,0.18483272,-1.277,0.006,0.320,0.058,0.006,2,1298
chr4A,19288077,chr4A:19288077,0.130,0.973,0.277,0.236,0.325,2.93E-55,0.6,0.481,0.708,0.099946278,-1.283,0.007,0.404,0.060,0.002,2,1298
chr4A,19289212,chr4A:19289212,0.130,0.986,0.282,0.241,0.33,7.71E-56,0.594,0.476,0.702,0.117269912,-1.265,0.006,0.381,0.059,0.002,2,1298
chr4A,19289792,chr4A:19289792,0.151,0.991,0.289,0.235,0.357,3.62E-31,0.659,0.534,0.765,0.013234292,-1.240,0.011,0.660,0.071,0.003,2,1298
chr4A,19290517,chr4A:19290517,0.134,0.982,0.274,0.232,0.324,1.44E-51,0.594,0.479,0.7,0.107508419,-1.295,0.007,0.382,0.056,0.003,2,1298
chr4A,19291247,chr4A:19291247,0.147,0.991,0.287,0.239,0.345,1.42E-40,0.641,0.516,0.75,0.027217415,-1.247,0.009,0.581,0.069,0.000,2,1298
chr4A,19293683,chr4A:19293683,0.122,0.986,0.27,0.228,0.321,4.05E-51,0.577,0.439,0.705,0.272529075,-1.308,0.008,0.312,0.081,-0.003,2,1298
chr4A,19294375,chr4A:19294375,0.130,0.959,0.283,0.239,0.334,5.02E-50,0.75,0.647,0.831,1.24E-05,-1.263,0.007,1.098,0.063,-0.002,2,1298
chr4A,19295921,chr4A:19295921,0.130,0.995,0.28,0.244,0.32,3.58E-77,0.583,0.467,0.69,0.158407463,-1.274,0.005,0.335,0.057,0.001,2,1298
chr4A,19296427,chr4A:19296427,0.122,0.986,0.278,0.236,0.327,3.26E-53,0.549,0.427,0.664,0.432679701,-1.281,0.007,0.195,0.062,0.000,2,1298
chr4A,19297367,chr4A:19297367,0.126,0.991,0.279,0.237,0.327,1.41E-55,0.551,0.43,0.667,0.410905828,-1.278,0.007,0.205,0.062,0.003,2,1298
chr4A,19298587,chr4A:19298587,0.118,0.982,0.267,0.226,0.314,2.77E-56,0.626,0.498,0.738,0.053000993,-1.322,0.007,0.515,0.071,-0.005,2,1298
chr4A,19300329,chr4A:19300329,0.118,0.991,0.28,0.237,0.331,8.98E-51,0.599,0.471,0.715,0.126940856,-1.273,0.007,0.403,0.070,0.005,2,1298
chr4A,19301273,chr4A:19301273,0.118,0.995,0.281,0.24,0.329,1.61E-56,0.635,0.517,0.739,0.025476237,-1.269,0.006,0.554,0.062,0.004,2,1298
chr4A,19302382,chr4A:19302382,0.118,0.986,0.265,0.231,0.304,1.48E-79,0.585,0.465,0.696,0.163246476,-1.329,0.005,0.344,0.061,-0.001,2,1298
chr4A,19303396,chr4A:19303396,0.118,1.000,0.278,0.237,0.327,4.56E-54,0.586,0.469,0.694,0.150284102,-1.278,0.007,0.346,0.058,0.001,2,1298
chr4A,19304428,chr4A:19304428,0.118,0.986,0.274,0.231,0.324,2.74E-50,0.593,0.458,0.715,0.174588812,-1.296,0.008,0.376,0.077,0.003,2,1298
chr4A,19306887,chr4A:19306887,0.113,0.986,0.263,0.22,0.314,4.49E-49,0.632,0.497,0.75,0.055014243,-1.336,0.008,0.543,0.080,-0.004,2,1298
chr4A,19308551,chr4A:19308551,0.130,0.986,0.271,0.228,0.322,1.64E-49,0.648,0.516,0.76,0.028615323,-1.305,0.008,0.608,0.077,0.004,2,1298
chr4A,19313056,chr4A:19313056,0.118,0.991,0.261,0.217,0.313,1.32E-47,0.611,0.492,0.718,0.067722669,-1.345,0.009,0.450,0.061,0.005,2,1298
chr4A,19313775,chr4A:19313775,0.122,0.995,0.278,0.232,0.334,5.54E-43,0.636,0.511,0.745,0.032938387,-1.279,0.009,0.559,0.069,0.006,2,1298
chr4A,19314317,chr4A:19314317,0.122,0.991,0.273,0.234,0.319,3.95E-60,0.611,0.5,0.711,0.049446678,-1.299,0.006,0.451,0.053,0.003,2,1298
chr4A,19315231,chr4A:19315231,0.113,1.000,0.282,0.243,0.326,4.26E-64,0.621,0.499,0.729,0.051126773,-1.267,0.006,0.494,0.064,0.001,2,1298
chr4A,19316823,chr4A:19316823,0.130,0.986,0.282,0.235,0.339,3.64E-42,0.641,0.519,0.748,0.024122057,-1.264,0.009,0.581,0.066,0.003,2,1298
chr4A,19320434,chr4A:19320434,0.105,0.995,0.265,0.225,0.311,1.39E-58,0.622,0.484,0.742,0.081696216,-1.328,0.007,0.497,0.081,0.001,2,1298
chr4A,19321826,chr4A:19321826,0.109,1.000,0.27,0.229,0.318,2.96E-55,0.623,0.497,0.733,0.055335775,-1.310,0.007,0.500,0.068,0.001,2,1298
chr4A,19326074,chr4A:19326074,0.118,0.995,0.277,0.234,0.328,8.78E-50,0.619,0.499,0.727,0.052471805,-1.284,0.007,0.486,0.063,0.004,2,1298
chr4A,19328717,chr4A:19328717,0.109,1.000,0.278,0.235,0.329,5.28E-50,0.616,0.504,0.716,0.04284198,-1.280,0.007,0.471,0.054,0.001,2,1298
chr4A,19330675,chr4A:19330675,0.113,0.986,0.257,0.219,0.302,1.35E-61,0.695,0.594,0.781,0.000294958,-1.357,0.007,0.826,0.052,0.002,2,1298
chr4A,19331999,chr4A:19331999,0.113,0.991,0.262,0.223,0.308,1.68E-59,0.63,0.484,0.755,0.079158794,-1.339,0.007,0.533,0.092,0.002,2,1298
chr4A,19334542,chr4A:19334542,0.118,1.000,0.268,0.227,0.317,4.10E-53,0.658,0.541,0.759,0.008813874,-1.316,0.007,0.655,0.063,0.001,2,1298
chr4A,19335624,chr4A:19335624,0.118,0.986,0.268,0.226,0.318,8.92E-51,0.623,0.493,0.737,0.062410996,-1.316,0.008,0.503,0.073,0.003,2,1298
chr4A,19336463,chr4A:19336463,0.122,0.991,0.275,0.228,0.332,6.21E-41,0.641,0.521,0.746,0.021832007,-1.291,0.009,0.581,0.064,0.002,2,1298
chr4A,19338040,chr4A:19338040,0.105,0.995,0.282,0.233,0.341,8.77E-39,0.648,0.53,0.751,0.01462557,-1.266,0.009,0.612,0.063,0.003,2,1298
chr4A,19339673,chr4A:19339673,0.122,0.991,0.273,0.227,0.329,2.83E-43,0.655,0.529,0.762,0.016999937,-1.297,0.009,0.639,0.072,0.001,2,1298
chr4A,19340394,chr4A:19340394,0.113,0.995,0.293,0.252,0.341,5.97E-58,0.692,0.587,0.78,0.000556867,-1.227,0.006,0.809,0.055,0.001,2,1298
chr4A,19341441,chr4A:19341441,0.118,0.982,0.286,0.247,0.331,4.47E-63,0.646,0.532,0.745,0.012533303,-1.253,0.006,0.602,0.058,0.001,2,1298
chr4A,19342039,chr4A:19342039,0.122,0.982,0.269,0.224,0.323,1.20E-44,0.654,0.531,0.76,0.015106047,-1.313,0.009,0.638,0.069,0.003,2,1298
chr4A,19348323,chr4A:19348323,0.113,1.000,0.292,0.244,0.349,1.62E-41,0.627,0.504,0.735,0.043053317,-1.232,0.008,0.518,0.065,0.002,2,1298
chr4A,19353201,chr4A:19353201,0.109,0.995,0.278,0.237,0.327,1.83E-55,0.597,0.488,0.697,0.079723861,-1.279,0.007,0.393,0.050,-0.001,2,1298
chr4A,19362819,chr4A:19362819,0.092,0.991,0.27,0.229,0.318,1.86E-55,0.643,0.526,0.744,0.017252677,-1.310,0.007,0.587,0.061,0.007,2,1298
chr4A,19364129,chr4A:19364129,0.092,0.977,0.285,0.251,0.323,2.77E-83,0.611,0.506,0.707,0.039345924,-1.256,0.004,0.451,0.048,0.002,2,1298
chr4A,19366091,chr4A:19366091,0.101,0.995,0.282,0.241,0.331,9.88E-55,0.603,0.482,0.712,0.093751068,-1.265,0.007,0.417,0.062,0.002,2,1298
chr4A,19368871,chr4A:19368871,0.101,0.986,0.284,0.245,0.329,6.35E-63,0.596,0.486,0.698,0.087896165,-1.260,0.006,0.390,0.052,0.000,2,1298
chr4A,19371951,chr4A:19371951,0.105,0.986,0.284,0.24,0.335,3.72E-50,0.65,0.548,0.74,0.004454865,-1.260,0.007,0.618,0.047,0.001,2,1298
chr4A,19374909,chr4A:19374909,0.118,0.991,0.296,0.249,0.352,4.54E-43,0.645,0.522,0.751,0.021885917,-1.216,0.008,0.595,0.067,0.002,2,1298
chr4A,19378701,chr4A:19378701,0.122,0.977,0.266,0.218,0.325,7.42E-39,0.695,0.571,0.796,0.002602933,-1.323,0.010,0.823,0.075,0.005,2,1298
chr4A,19383875,chr4A:19383875,0.113,0.973,0.266,0.224,0.315,4.07E-53,0.676,0.563,0.771,0.002835675,-1.326,0.007,0.734,0.061,0.000,2,1298
chr4A,19386022,chr4A:19386022,0.122,0.968,0.264,0.222,0.313,1.64E-52,0.683,0.564,0.783,0.00322409,-1.332,0.008,0.769,0.068,-0.001,2,1298
chr4A,19391067,chr4A:19391067,0.130,0.977,0.288,0.24,0.345,2.46E-41,0.642,0.518,0.75,0.025895945,-1.245,0.009,0.585,0.069,0.003,2,1298
chr4A,19393831,chr4A:19393831,0.126,0.991,0.292,0.25,0.34,2.16E-55,0.658,0.556,0.748,0.002899438,-1.233,0.006,0.656,0.049,-0.001,2,1298
chr4A,19405746,chr4A:19405746,0.105,0.964,0.267,0.228,0.313,7.00E-61,0.607,0.477,0.724,0.105317729,-1.320,0.006,0.435,0.072,0.003,2,1298
chr4A,19413198,chr4A:19413198,0.118,0.991,0.29,0.246,0.342,7.17E-49,0.648,0.548,0.736,0.004249016,-1.237,0.007,0.609,0.045,0.003,2,1298
chr4A,19414299,chr4A:19414299,0.113,0.986,0.29,0.248,0.34,3.23E-53,0.624,0.491,0.741,0.067228335,-1.237,0.006,0.509,0.077,0.002,2,1298
chr4A,19415517,chr4A:19415517,0.105,0.991,0.274,0.237,0.317,4.54E-69,0.608,0.47,0.731,0.123672761,-1.294,0.005,0.439,0.081,-0.001,2,1298
chr4A,19420380,chr4A:19420380,0.101,0.982,0.267,0.225,0.317,2.90E-51,0.588,0.47,0.697,0.141717976,-1.321,0.008,0.357,0.059,0.001,2,1298
chr4A,19420892,chr4A:19420892,0.109,0.995,0.295,0.25,0.347,8.96E-49,0.613,0.506,0.711,0.03938045,-1.222,0.007,0.462,0.050,0.001,2,1298
chr4A,19432110,chr4A:19432110,0.109,0.982,0.287,0.242,0.34,2.84E-47,0.624,0.501,0.733,0.048210495,-1.248,0.007,0.507,0.066,0.002,2,1298
chr4A,19435822,chr4A:19435822,0.126,0.991,0.295,0.248,0.35,3.34E-44,0.668,0.564,0.758,0.001866748,-1.221,0.008,0.699,0.051,0.002,2,1298
chr4A,19436481,chr4A:19436481,0.109,0.982,0.292,0.249,0.342,1.38E-51,0.637,0.533,0.729,0.01035137,-1.232,0.007,0.560,0.048,-0.001,2,1298
chr8,3129306,chr8:3129306,0.004,0.814,0.661,0.539,0.809,6.09E-05,0.998,0.997,0.999,2.48E-112,-0.415,0.011,6.200,0.076,-0.018,2,1298
chr8,3144828,chr8:3144828,0.000,0.945,0.649,0.566,0.745,7.01E-10,0.994,0.992,0.996,5.90E-201,-0.432,0.005,5.127,0.029,-0.006,2,1298
chr8,3160776,chr8:3160776,0.008,0.891,0.704,0.585,0.848,0.000211779,0.996,0.994,0.997,6.64E-178,-0.351,0.009,5.457,0.037,-0.009,2,1298
chr9,156123,chr9:156123,0.109,0.959,0.292,0.244,0.351,3.40E-40,0.842,0.77,0.895,2.20E-12,-1.230,0.009,1.676,0.057,-0.003,2,1298
chr9,156776,chr9:156776,0.113,0.973,0.29,0.243,0.346,4.95E-43,0.829,0.744,0.89,1.33E-09,-1.239,0.008,1.577,0.068,-0.001,2,1298
chr9,173072,chr9:173072,0.109,0.964,0.285,0.237,0.342,7.26E-41,0.818,0.717,0.889,2.75E-07,-1.257,0.009,1.503,0.086,-0.004,2,1298
chr9,174458,chr9:174458,0.109,0.964,0.297,0.246,0.359,2.86E-36,0.844,0.763,0.901,1.49E-10,-1.214,0.009,1.687,0.069,-0.009,2,1298
chr9,182690,chr9:182690,0.118,0.964,0.288,0.244,0.34,1.36E-48,0.815,0.717,0.884,1.26E-07,-1.246,0.007,1.481,0.078,-0.004,2,1298
chr9,218925,chr9:218925,0.101,0.968,0.262,0.22,0.312,3.38E-51,0.83,0.743,0.892,3.55E-09,-1.341,0.008,1.586,0.072,-0.005,2,1298
chr9,222288,chr9:222288,0.126,0.973,0.276,0.226,0.336,9.26E-38,0.816,0.729,0.879,4.98E-09,-1.289,0.010,1.489,0.065,-0.002,2,1298
chr9,230581,chr9:230581,0.109,0.968,0.273,0.232,0.32,2.15E-56,0.8,0.712,0.867,1.86E-08,-1.299,0.007,1.387,0.061,-0.005,2,1298
chr9,231152,chr9:231152,0.097,0.968,0.264,0.221,0.314,1.05E-50,0.798,0.715,0.861,2.94E-09,-1.333,0.008,1.373,0.053,-0.001,2,1298
chr9,242194,chr9:242194,0.164,0.977,0.272,0.227,0.326,5.00E-45,0.86,0.781,0.913,5.07E-11,-1.301,0.009,1.815,0.076,-0.007,2,1298
chrM,COX1,chrM:COX1,0.000,1.000,0.124,0.092,0.169,4.31E-41,0.005,0.001,0.027,1.04E-09,-2.084,0.024,-5.283,0.749,0.107,2,1298
chrZ,12044450,chrZ:12044450,0.021,0.986,1.376,1.144,1.655,0.000700514,0.427,0.385,0.47,0.001014481,0.319,0.009,-0.294,0.008,0.002,2,1298
chrZ,12101326,chrZ:12101326,0.025,0.973,1.265,1.094,1.463,0.001535282,0.423,0.383,0.465,0.000378592,0.235,0.005,-0.309,0.008,0.001,2,1298
chrZ,12177008,chrZ:12177008,0.013,0.977,1.276,1.123,1.45,0.000181209,0.427,0.395,0.461,2.21E-05,0.244,0.004,-0.292,0.005,0.000,2,1298
chrZ,12233920,chrZ:12233920,0.013,0.986,1.196,1.039,1.376,0.012729913,0.435,0.398,0.474,0.000963316,0.179,0.005,-0.261,0.006,0.001,2,1298
chrZ,12299619,chrZ:12299619,0.013,1.000,1.156,1.003,1.331,0.045420823,0.447,0.41,0.486,0.007065696,0.145,0.005,-0.211,0.006,0.000,2,1298
chrZ,12369010,chrZ:12369010,0.025,0.977,1.157,0.985,1.359,0.075681905,0.441,0.397,0.486,0.010764445,0.146,0.007,-0.236,0.009,0.000,2,1298
chrZ,12424197,chrZ:12424197,0.017,0.986,1.339,1.175,1.525,1.19E-05,0.423,0.39,0.456,7.27E-06,0.292,0.004,-0.310,0.005,0.001,2,1298
chrZ,12527472,chrZ:12527472,0.013,0.991,1.161,1.035,1.303,0.010904112,0.432,0.394,0.472,0.00084778,0.150,0.003,-0.272,0.007,0.001,2,1298
chrZ,12566172,chrZ:12566172,0.013,0.986,1.264,1.079,1.481,0.003660399,0.411,0.376,0.447,1.45E-06,0.235,0.007,-0.361,0.006,0.000,2,1298
chrZ,12706641,chrZ:12706641,0.025,0.986,1.039,0.901,1.197,0.601378204,0.434,0.393,0.476,0.002173756,0.038,0.005,-0.266,0.008,0.000,2,1298
chrZ,12784900,chrZ:12784900,0.013,0.936,1.238,1.086,1.411,0.001439552,0.373,0.335,0.414,1.93E-09,0.213,0.004,-0.518,0.007,0.000,2,1298
chrZ,12882526,chrZ:12882526,0.017,1.000,1.053,0.935,1.185,0.395876445,0.43,0.387,0.473,0.001624762,0.051,0.004,-0.283,0.008,0.002,2,1298
chrZ,12928326,chrZ:12928326,0.017,0.995,1.076,0.95,1.22,0.248812423,0.428,0.389,0.467,0.000365542,0.074,0.004,-0.292,0.007,0.000,2,1298
chrZ,12987051,chrZ:12987051,0.008,0.964,1.62,1.332,1.972,1.44E-06,0.454,0.423,0.487,0.005624119,0.483,0.010,-0.183,0.004,0.001,2,1298
chrZ,13116056,chrZ:13116056,0.013,0.977,1.243,1.112,1.39,0.000132239,0.421,0.378,0.466,0.000665094,0.218,0.003,-0.317,0.009,-0.001,2,1298
chrZ,13183883,chrZ:13183883,0.017,0.968,1.578,1.317,1.892,7.72E-07,0.452,0.415,0.49,0.012616079,0.456,0.009,-0.191,0.006,0.001,2,1298
chrZ,13268554,chrZ:13268554,0.017,0.977,1.337,1.15,1.556,0.000165411,0.406,0.372,0.44,1.43E-07,0.291,0.006,-0.382,0.005,0.000,2,1298
chrZ,13355612,chrZ:13355612,0.021,0.986,1.073,0.953,1.208,0.242968862,0.43,0.387,0.474,0.001784047,0.070,0.004,-0.284,0.008,0.001,2,1298
chrZ,13461238,chrZ:13461238,0.013,0.986,1.632,1.386,1.923,4.66E-09,0.458,0.426,0.491,0.012977083,0.490,0.007,-0.167,0.005,0.001,2,1298
chrZ,13683054,chrZ:13683054,0.029,0.968,1.557,1.286,1.885,5.67E-06,0.469,0.435,0.503,0.075310393,0.443,0.010,-0.125,0.005,0.001,2,1298
chrZ,13792235,chrZ:13792235,0.013,0.986,1.176,1.011,1.369,0.035634862,0.435,0.393,0.478,0.00344178,0.162,0.006,-0.261,0.008,0.001,2,1298
chrZ,13829892,chrZ:13829892,0.021,0.973,1.193,1.032,1.38,0.017287156,0.435,0.392,0.48,0.004699852,0.176,0.005,-0.259,0.008,0.001,2,1298
chrZ,13905083,chrZ:13905083,0.017,0.991,1.211,1.054,1.393,0.007106168,0.432,0.395,0.471,0.000588383,0.192,0.005,-0.272,0.006,0.001,2,1298
chrZ,13968401,chrZ:13968401,0.013,0.982,1.163,1.009,1.341,0.037543113,0.382,0.348,0.416,6.67E-11,0.151,0.005,-0.483,0.005,0.000,2,1298
chrZ,14013175,chrZ:14013175,0.013,0.964,1.239,1.09,1.41,0.001082594,0.385,0.346,0.426,7.86E-08,0.215,0.004,-0.467,0.008,0.000,2,1298
chrZ,14051318,chrZ:14051318,0.017,0.986,1.052,0.936,1.183,0.392131999,0.413,0.369,0.458,0.000154639,0.051,0.004,-0.353,0.009,0.001,2,1298
chrZ,14094909,chrZ:14094909,0.021,0.986,1.061,0.921,1.223,0.4127631,0.415,0.374,0.457,7.93E-05,0.059,0.005,-0.344,0.008,0.000,2,1298
chrZ,14165740,chrZ:14165740,0.017,0.986,1.095,0.96,1.249,0.177712293,0.413,0.371,0.457,0.00011792,0.090,0.005,-0.350,0.008,0.001,2,1298
chrZ,14279477,chrZ:14279477,0.013,0.986,1.145,1.002,1.307,0.046203655,0.411,0.372,0.451,1.71E-05,0.135,0.005,-0.359,0.007,0.002,2,1298
chrZ,14355626,chrZ:14355626,0.013,0.995,0.956,0.82,1.115,0.566493824,0.422,0.375,0.47,0.001518684,-0.045,0.006,-0.316,0.010,0.000,2,1298
chrZ,14483766,chrZ:14483766,0.034,0.977,1.19,1.034,1.37,0.015184192,0.434,0.39,0.479,0.003883191,0.174,0.005,-0.266,0.008,0.000,2,1298
chrZ,14594598,chrZ:14594598,0.013,0.982,1.151,1.007,1.317,0.039442302,0.408,0.367,0.449,1.70E-05,0.141,0.005,-0.374,0.008,0.001,2,1298
chrZ,14636819,chrZ:14636819,0.013,0.973,1.186,1.042,1.35,0.009627012,0.392,0.352,0.434,7.29E-07,0.171,0.004,-0.439,0.008,0.000,2,1298
chrZ,14707700,chrZ:14707700,0.008,0.982,1.195,1.048,1.363,0.007743315,0.425,0.385,0.467,0.000421699,0.178,0.004,-0.302,0.007,0.001,2,1298
chrZ,14774499,chrZ:14774499,0.013,0.959,1.096,0.948,1.266,0.215764693,0.377,0.326,0.431,1.35E-05,0.091,0.005,-0.502,0.013,0.001,2,1298
chrZ,14917793,chrZ:14917793,0.025,0.968,1.113,0.956,1.295,0.166597416,0.403,0.359,0.449,3.75E-05,0.107,0.006,-0.393,0.009,0.001,2,1298
chrZ,14980176,chrZ:14980176,0.042,0.977,0.919,0.802,1.053,0.223389139,0.429,0.374,0.486,0.015623008,-0.084,0.005,-0.285,0.014,0.002,2,1298
chrZ,15017979,chrZ:15017979,0.021,0.982,1.028,0.91,1.163,0.654609502,0.403,0.361,0.446,1.14E-05,0.028,0.004,-0.394,0.008,0.000,2,1298
chrZ,15065339,chrZ:15065339,0.021,0.968,1.074,0.949,1.215,0.260786386,0.402,0.358,0.447,2.74E-05,0.071,0.004,-0.398,0.009,0.000,2,1298
chrZ,15124028,chrZ:15124028,0.021,0.968,1.204,1.051,1.38,0.007453026,0.404,0.368,0.44,2.77E-07,0.186,0.005,-0.390,0.006,0.000,2,1298
chrZ,15167354,chrZ:15167354,0.017,0.982,1.048,0.935,1.175,0.418030061,0.412,0.366,0.461,0.000414951,0.047,0.003,-0.354,0.010,0.001,2,1298
chrZ,15319680,chrZ:15319680,0.029,0.968,1.098,0.943,1.278,0.227919886,0.401,0.35,0.454,0.000266746,0.093,0.006,-0.401,0.012,0.002,2,1298
chrZ,15395315,chrZ:15395315,0.017,0.973,1.085,0.949,1.241,0.232219175,0.409,0.367,0.452,3.45E-05,0.082,0.005,-0.369,0.008,0.001,2,1298
chrZ,15434209,chrZ:15434209,0.013,0.973,1.007,0.867,1.169,0.925881688,0.388,0.341,0.438,1.24E-05,0.007,0.006,-0.454,0.011,0.001,2,1298
chrZ,15505000,chrZ:15505000,0.046,0.973,1.03,0.899,1.18,0.6723524,0.437,0.39,0.486,0.011114204,0.029,0.005,-0.252,0.010,0.000,2,1298
chrZ,15552687,chrZ:15552687,0.021,0.964,1.06,0.935,1.202,0.360597667,0.402,0.361,0.444,7.52E-06,0.058,0.004,-0.399,0.008,0.000,2,1298
chrZ,15581971,chrZ:15581971,0.021,0.977,1.08,0.929,1.256,0.314672296,0.417,0.371,0.464,0.000525987,0.077,0.006,-0.336,0.009,0.000,2,1298
chrZ,15669901,chrZ:15669901,0.017,0.968,0.979,0.846,1.133,0.774846472,0.404,0.366,0.444,2.47E-06,-0.021,0.006,-0.388,0.007,0.000,2,1298
chrZ,15732725,chrZ:15732725,0.029,0.986,0.936,0.822,1.064,0.312158754,0.438,0.394,0.483,0.007582015,-0.067,0.004,-0.248,0.009,0.000,2,1298
chrZ,15794140,chrZ:15794140,0.017,0.973,1.046,0.907,1.207,0.531994601,0.41,0.366,0.456,0.000127501,0.045,0.005,-0.363,0.009,0.000,2,1298
chrZ,15891699,chrZ:15891699,0.025,0.986,0.967,0.855,1.093,0.586855352,0.438,0.397,0.48,0.00358741,-0.034,0.004,-0.250,0.007,0.001,2,1298
chrZ,15940800,chrZ:15940800,0.021,0.982,0.942,0.833,1.066,0.342732636,0.446,0.4,0.494,0.027089317,-0.060,0.004,-0.215,0.009,0.001,2,1298
chrZ,15985739,chrZ:15985739,0.025,0.991,0.976,0.856,1.113,0.714976288,0.452,0.405,0.499,0.047350496,-0.024,0.004,-0.193,0.009,0.001,2,1298
chrZ,16085491,chrZ:16085491,0.029,0.982,0.984,0.872,1.109,0.789575209,0.434,0.385,0.485,0.010675616,-0.016,0.004,-0.266,0.011,0.000,2,1298
chrZ,16157770,chrZ:16157770,0.013,0.991,0.93,0.831,1.041,0.209515528,0.436,0.39,0.484,0.008431212,-0.072,0.003,-0.256,0.009,0.001,2,1298
chrZ,18751195,chrZ:18751195,0.025,0.995,0.659,0.591,0.736,1.40E-13,0.476,0.413,0.541,0.471449275,-0.416,0.003,-0.095,0.017,0.000,2,1298
chrZ,19098895,chrZ:19098895,0.038,0.995,0.704,0.639,0.776,1.16E-12,0.507,0.455,0.557,0.803400769,-0.351,0.002,0.026,0.011,0.001,2,1298
chrZ,19491897,chrZ:19491897,0.038,1.000,0.68,0.608,0.761,1.61E-11,0.504,0.451,0.556,0.892616777,-0.385,0.003,0.015,0.012,0.002,2,1298
chrZ,19999256,chrZ:19999256,0.029,1.000,0.672,0.608,0.742,4.18E-15,0.493,0.441,0.545,0.789637334,-0.398,0.003,-0.028,0.011,0.001,2,1298
chrZ,20121623,chrZ:20121623,0.038,0.995,0.661,0.575,0.76,5.03E-09,0.516,0.453,0.579,0.617175698,-0.414,0.005,0.065,0.017,0.002,2,1298
chrZ,23225543,chrZ:23225543,0.055,0.977,0.744,0.648,0.854,2.49E-05,0.536,0.478,0.594,0.223301987,-0.296,0.005,0.146,0.014,0.001,2,1298
chrZ,23500574,chrZ:23500574,0.059,0.991,0.762,0.673,0.862,1.65E-05,0.553,0.496,0.609,0.068542993,-0.272,0.004,0.214,0.014,0.003,2,1298
chrZ,23791101,chrZ:23791101,0.042,1.000,0.723,0.638,0.82,4.22E-07,0.538,0.488,0.588,0.139252854,-0.324,0.004,0.152,0.011,0.002,2,1298
chrZ,24217708,chrZ:24217708,0.067,0.995,0.753,0.656,0.864,5.42E-05,0.544,0.491,0.596,0.10166928,-0.284,0.005,0.178,0.012,0.001,2,1298
chrZ,24476053,chrZ:24476053,0.067,0.995,0.678,0.601,0.765,3.16E-10,0.583,0.528,0.635,0.003006006,-0.389,0.004,0.334,0.013,0.001,2,1298
chrZ,24657804,chrZ:24657804,0.076,1.000,0.835,0.728,0.958,0.010207771,0.532,0.479,0.585,0.233250148,-0.180,0.005,0.130,0.012,0.001,2,1298
chrZ,28036748,chrZ:28036748,0.021,0.968,1.315,1.151,1.502,5.46E-05,0.403,0.365,0.443,2.39E-06,0.274,0.005,-0.393,0.007,0.000,2,1298
chrZ,28088978,chrZ:28088978,0.017,0.968,1.359,1.137,1.625,0.00077097,0.438,0.395,0.481,0.005367828,0.307,0.008,-0.251,0.008,0.002,2,1298
chrZ,28145880,chrZ:28145880,0.017,0.982,1.468,1.255,1.717,1.52E-06,0.432,0.398,0.467,0.000133485,0.384,0.006,-0.272,0.005,0.000,2,1298
chrZ,28297090,chrZ:28297090,0.013,0.982,1.271,1.101,1.469,0.00109956,0.416,0.377,0.457,6.08E-05,0.240,0.005,-0.338,0.007,0.001,2,1298
chrZ,28341587,chrZ:28341587,0.017,0.968,1.43,1.163,1.759,0.000703783,0.428,0.393,0.464,0.000113938,0.358,0.011,-0.289,0.006,0.002,2,1298
chrZ,28434160,chrZ:28434160,0.013,0.986,1.444,1.266,1.647,4.16E-08,0.439,0.406,0.474,0.00056849,0.368,0.004,-0.244,0.005,0.001,2,1298
chrZ,28798495,chrZ:28798495,0.017,0.964,1.288,1.114,1.489,0.000650102,0.408,0.371,0.445,2.21E-06,0.253,0.006,-0.374,0.006,0.001,2,1298
chrZ,28901453,chrZ:28901453,0.017,0.973,1.65,1.379,1.975,4.39E-08,0.436,0.404,0.468,0.000122242,0.501,0.008,-0.258,0.005,0.002,2,1298
chrZ,28938024,chrZ:28938024,0.013,0.982,1.494,1.251,1.784,9.45E-06,0.44,0.402,0.478,0.001845817,0.401,0.008,-0.243,0.006,0.000,2,1298
chrZ,28963257,chrZ:28963257,0.017,0.973,1.453,1.255,1.682,5.77E-07,0.417,0.383,0.452,4.02E-06,0.373,0.006,-0.335,0.005,0.000,2,1298
chrZ,29045749,chrZ:29045749,0.029,0.982,1.279,1.095,1.493,0.001875354,0.427,0.387,0.468,0.000572995,0.246,0.006,-0.294,0.007,0.001,2,1298
chrZ,29099899,chrZ:29099899,0.013,0.986,1.203,1.05,1.378,0.00779905,0.441,0.4,0.483,0.006095641,0.184,0.005,-0.238,0.008,0.000,2,1298
chrZ,29194984,chrZ:29194984,0.008,0.982,1.357,1.167,1.578,7.23E-05,0.439,0.407,0.472,0.000344048,0.305,0.006,-0.243,0.005,0.001,2,1298
chrZ,29236216,chrZ:29236216,0.013,0.986,1.27,1.096,1.472,0.001509948,0.427,0.389,0.467,0.000328792,0.239,0.006,-0.293,0.007,0.000,2,1298
chrZ,29313083,chrZ:29313083,0.029,0.986,1.401,1.187,1.654,6.67E-05,0.447,0.413,0.481,0.002534817,0.337,0.007,-0.214,0.005,0.000,2,1298
chrZ,29405796,chrZ:29405796,0.013,0.964,1.422,1.202,1.682,3.92E-05,0.397,0.361,0.434,1.03E-07,0.352,0.007,-0.417,0.006,0.001,2,1298
chrZ,29468175,chrZ:29468175,0.013,0.964,1.529,1.318,1.773,1.96E-08,0.416,0.383,0.45,1.87E-06,0.425,0.006,-0.339,0.005,0.001,2,1298
chrZ,29551966,chrZ:29551966,0.017,0.973,1.383,1.189,1.609,2.69E-05,0.427,0.389,0.465,0.000203902,0.324,0.006,-0.294,0.006,0.000,2,1298
chrZ,29588245,chrZ:29588245,0.017,0.959,1.397,1.184,1.648,7.59E-05,0.408,0.369,0.449,1.34E-05,0.334,0.007,-0.370,0.007,0.001,2,1298
chrZ,29639487,chrZ:29639487,0.013,0.986,1.336,1.175,1.519,9.43E-06,0.431,0.392,0.472,0.000835976,0.290,0.004,-0.276,0.007,0.000,2,1298
chrZ,29688801,chrZ:29688801,0.017,0.982,1.321,1.151,1.515,7.16E-05,0.424,0.387,0.462,0.000106335,0.278,0.005,-0.305,0.006,-0.001,2,1298
chrZ,29729971,chrZ:29729971,0.013,1.000,1.732,1.49,2.013,8.70E-13,0.478,0.449,0.507,0.130612814,0.549,0.006,-0.090,0.004,0.001,2,1298
chrZ,29820884,chrZ:29820884,0.017,0.986,1.302,1.128,1.503,0.000313827,0.426,0.39,0.463,9.79E-05,0.264,0.005,-0.297,0.006,0.000,2,1298
chrZ,30085774,chrZ:30085774,0.021,0.982,1.195,1.03,1.387,0.018937277,0.435,0.398,0.473,0.000770846,0.178,0.006,-0.261,0.006,0.000,2,1298
chrZ,30209588,chrZ:30209588,0.017,0.995,1.228,1.066,1.414,0.004442513,0.437,0.397,0.477,0.002179688,0.205,0.005,-0.254,0.007,0.002,2,1298
chrZ,30289961,chrZ:30289961,0.017,0.982,1.41,1.215,1.637,6.03E-06,0.447,0.41,0.484,0.005323128,0.344,0.006,-0.212,0.006,0.000,2,1298
chrZ,30345215,chrZ:30345215,0.017,0.982,1.383,1.18,1.621,6.21E-05,0.424,0.392,0.458,9.11E-06,0.324,0.007,-0.304,0.005,0.000,2,1298
chrZ,30399799,chrZ:30399799,0.021,0.991,1.592,1.363,1.859,4.21E-09,0.449,0.42,0.48,0.001056156,0.465,0.006,-0.203,0.004,0.001,2,1298
chrZ,30453984,chrZ:30453984,0.029,0.986,1.298,1.134,1.485,0.00014907,0.436,0.39,0.482,0.006394512,0.261,0.005,-0.259,0.009,0.000,2,1298
chrZ,30533719,chrZ:30533719,0.013,0.977,1.452,1.239,1.701,4.00E-06,0.418,0.385,0.451,2.13E-06,0.373,0.007,-0.332,0.005,0.001,2,1298
chrZ,30570060,chrZ:30570060,0.021,0.991,1.309,1.124,1.525,0.00052123,0.433,0.397,0.469,0.000316095,0.270,0.006,-0.270,0.006,0.001,2,1298
chrZ,30628130,chrZ:30628130,0.017,0.986,1.276,1.123,1.45,0.000182794,0.433,0.397,0.469,0.000340433,0.244,0.004,-0.271,0.006,0.000,2,1298
chrZ,30730085,chrZ:30730085,0.013,0.982,1.061,0.924,1.218,0.398979977,0.417,0.373,0.462,0.000312641,0.059,0.005,-0.335,0.009,0.001,2,1298
chrZ,30885513,chrZ:30885513,0.021,0.986,1.333,1.152,1.543,0.000117829,0.437,0.404,0.47,0.000229025,0.287,0.006,-0.255,0.005,0.001,2,1298
chrZ,30983715,chrZ:30983715,0.034,0.986,1.302,1.135,1.494,0.000170684,0.432,0.394,0.47,0.000562657,0.264,0.005,-0.275,0.006,0.000,2,1298
chrZ,31133649,chrZ:31133649,0.021,0.995,1.188,1.045,1.351,0.008419046,0.435,0.399,0.473,0.000750849,0.172,0.004,-0.259,0.006,0.001,2,1298
chrZ,31177604,chrZ:31177604,0.013,0.982,1.258,1.087,1.457,0.002132958,0.426,0.387,0.465,0.000235223,0.230,0.006,-0.299,0.007,0.001,2,1298
chrZ,31272380,chrZ:31272380,0.013,0.986,1.284,1.134,1.455,8.43E-05,0.429,0.396,0.462,3.40E-05,0.250,0.004,-0.287,0.005,0.000,2,1298
chrZ,31319764,chrZ:31319764,0.029,0.986,1.131,0.98,1.306,0.092048221,0.455,0.41,0.502,0.059086526,0.123,0.005,-0.179,0.009,0.002,2,1298
chrZ,31360740,chrZ:31360740,0.021,0.959,1.351,1.123,1.625,0.001385246,0.404,0.364,0.444,4.66E-06,0.301,0.009,-0.390,0.007,0.000,2,1298
chrZ,31401911,chrZ:31401911,0.017,0.973,1.215,1.054,1.4,0.007062806,0.408,0.372,0.445,1.78E-06,0.195,0.005,-0.372,0.006,0.001,2,1298
chrZ,31488875,chrZ:31488875,0.013,0.991,1.422,1.227,1.649,2.94E-06,0.425,0.392,0.458,1.13E-05,0.352,0.006,-0.303,0.005,0.000,2,1298
chrZ,31520778,chrZ:31520778,0.013,0.977,1.417,1.158,1.733,0.000701374,0.406,0.368,0.444,1.97E-06,0.348,0.011,-0.382,0.006,0.003,2,1298
chrZ,31706212,chrZ:31706212,0.025,0.986,1.269,1.106,1.456,0.000693698,0.443,0.409,0.478,0.001402134,0.238,0.005,-0.227,0.005,0.001,2,1298
chrZ,31785842,chrZ:31785842,0.017,0.977,1.299,1.134,1.489,0.000167748,0.42,0.381,0.461,0.000143006,0.262,0.005,-0.321,0.007,0.001,2,1298
chrZ,31921822,chrZ:31921822,0.025,0.982,1.248,1.108,1.405,0.000264995,0.431,0.395,0.468,0.000305179,0.221,0.004,-0.277,0.006,0.000,2,1298
chrZ,32102707,chrZ:32102707,0.021,0.968,1.223,1.059,1.412,0.005990287,0.408,0.364,0.452,5.89E-05,0.201,0.005,-0.374,0.009,0.001,2,1298
chrZ,32181772,chrZ:32181772,0.025,0.982,1.305,1.148,1.483,4.59E-05,0.424,0.391,0.458,1.29E-05,0.266,0.004,-0.304,0.005,0.000,2,1298
chrZ,32297728,chrZ:32297728,0.013,0.995,1.179,1.025,1.355,0.021027444,0.443,0.401,0.485,0.008697816,0.164,0.005,-0.230,0.008,0.001,2,1298
chrZ,32365690,chrZ:32365690,0.013,0.991,1.21,1.052,1.39,0.007350772,0.433,0.389,0.478,0.003817084,0.190,0.005,-0.269,0.009,0.001,2,1298
chrZ,32411957,chrZ:32411957,0.017,0.982,1.366,1.163,1.603,0.00013849,0.424,0.38,0.468,0.000830985,0.312,0.007,-0.307,0.008,0.000,2,1298
chrZ,32543326,chrZ:32543326,0.021,0.991,1.269,1.106,1.456,0.000665883,0.445,0.402,0.49,0.016702155,0.238,0.005,-0.219,0.008,0.000,2,1298
chrZ,32588514,chrZ:32588514,0.025,0.977,1.473,1.259,1.725,1.42E-06,0.421,0.385,0.457,2.29E-05,0.388,0.006,-0.320,0.006,0.001,2,1298
chrZ,32655330,chrZ:32655330,0.021,0.977,1.452,1.231,1.713,9.49E-06,0.428,0.394,0.462,4.77E-05,0.373,0.007,-0.292,0.005,0.000,2,1298
chrZ,32701643,chrZ:32701643,0.013,0.995,1.474,1.284,1.692,3.59E-08,0.429,0.394,0.464,7.11E-05,0.388,0.005,-0.288,0.005,0.002,2,1298
chrZ,32764652,chrZ:32764652,0.017,0.991,1.289,1.135,1.463,8.98E-05,0.428,0.394,0.463,5.37E-05,0.253,0.004,-0.291,0.005,0.001,2,1298
chrZ,32861257,chrZ:32861257,0.025,0.973,1.307,1.105,1.546,0.001779887,0.43,0.39,0.471,0.000926847,0.268,0.007,-0.281,0.007,0.001,2,1298
chrZ,33055047,chrZ:33055047,0.017,0.991,1.3,1.122,1.506,0.000484484,0.428,0.389,0.467,0.000358192,0.262,0.006,-0.291,0.007,0.001,2,1298
chrZ,33156106,chrZ:33156106,0.013,0.977,1.374,1.184,1.594,2.87E-05,0.418,0.384,0.453,5.99E-06,0.318,0.006,-0.329,0.005,0.000,2,1298
chrZ,33232242,chrZ:33232242,0.017,0.986,1.267,1.12,1.434,0.000178465,0.433,0.4,0.467,0.000129936,0.237,0.004,-0.268,0.005,0.000,2,1298
chrZ,33272814,chrZ:33272814,0.021,0.986,1.31,1.153,1.487,3.29E-05,0.422,0.387,0.457,1.93E-05,0.270,0.004,-0.316,0.005,0.000,2,1298
chrZ,33331590,chrZ:33331590,0.017,0.991,1.324,1.125,1.558,0.000728876,0.436,0.391,0.481,0.005640102,0.281,0.007,-0.259,0.009,0.002,2,1298
chrZ,33384768,chrZ:33384768,0.038,0.991,1.531,1.282,1.828,2.57E-06,0.455,0.423,0.487,0.006022657,0.426,0.008,-0.180,0.004,0.001,2,1298
chrZ,33438854,chrZ:33438854,0.025,0.982,1.226,1.055,1.424,0.007661803,0.425,0.388,0.462,8.68E-05,0.204,0.006,-0.304,0.006,0.000,2,1298
chrZ,33578033,chrZ:33578033,0.021,0.986,1.344,1.136,1.59,0.00058389,0.437,0.397,0.479,0.00327337,0.295,0.007,-0.252,0.007,0.002,2,1298
chrZ,33621689,chrZ:33621689,0.029,0.995,1.293,1.152,1.451,1.35E-05,0.446,0.415,0.478,0.000825047,0.257,0.003,-0.216,0.004,0.000,2,1298
chrZ,33691505,chrZ:33691505,0.013,0.991,1.199,1.031,1.395,0.018569268,0.429,0.389,0.47,0.000816917,0.181,0.006,-0.285,0.007,0.001,2,1298
chrZ,33794657,chrZ:33794657,0.013,0.991,1.268,1.112,1.445,0.000390919,0.437,0.4,0.475,0.001099157,0.237,0.004,-0.253,0.006,0.000,2,1298
chrZ,33889888,chrZ:33889888,0.013,0.982,1.387,1.182,1.627,6.04E-05,0.435,0.403,0.468,0.000131118,0.327,0.007,-0.261,0.005,0.001,2,1298
chrZ,33997375,chrZ:33997375,0.013,0.991,1.746,1.469,2.076,2.72E-10,0.459,0.429,0.49,0.00985957,0.557,0.008,-0.163,0.004,0.000,2,1298
chrZ,34088651,chrZ:34088651,0.021,0.986,1.336,1.153,1.549,0.000116696,0.441,0.411,0.472,0.000182967,0.290,0.006,-0.237,0.004,0.000,2,1298
chrZ,34201678,chrZ:34201678,0.008,0.982,1.992,1.636,2.427,7.50E-12,0.456,0.427,0.485,0.002813995,0.689,0.010,-0.178,0.004,0.001,2,1298
chrZ,34251775,chrZ:34251775,0.013,0.991,1.525,1.307,1.779,8.44E-08,0.429,0.396,0.463,5.24E-05,0.422,0.006,-0.284,0.005,0.001,2,1298
chrZ,34353487,chrZ:34353487,0.017,0.991,1.153,1.01,1.316,0.035357862,0.446,0.403,0.489,0.013987085,0.142,0.005,-0.218,0.008,0.000,2,1298
chrZ,34427178,chrZ:34427178,0.034,0.995,2.27,1.852,2.784,3.14E-15,0.479,0.457,0.501,0.057893371,0.820,0.011,-0.085,0.002,0.000,2,1298
chrZ,34484875,chrZ:34484875,0.025,1.000,2.297,1.888,2.794,8.66E-17,0.484,0.462,0.506,0.147779714,0.832,0.010,-0.066,0.002,0.000,2,1298
chrZ,34541174,chrZ:34541174,0.013,1.000,1.893,1.617,2.217,2.24E-15,0.475,0.446,0.504,0.086807126,0.638,0.006,-0.101,0.004,0.001,2,1298
chrZ,34646571,chrZ:34646571,0.025,0.986,2.091,1.737,2.517,6.39E-15,0.486,0.462,0.51,0.258053595,0.737,0.009,-0.056,0.002,0.000,2,1298
chrZ,34722899,chrZ:34722899,0.017,0.995,1.867,1.568,2.223,2.32E-12,0.483,0.452,0.513,0.269430711,0.624,0.008,-0.069,0.004,0.000,2,1298
chrZ,34799843,chrZ:34799843,0.021,1.000,2.126,1.764,2.563,2.38E-15,0.478,0.451,0.506,0.120442501,0.754,0.009,-0.087,0.003,0.000,2,1298
chrZ,34853510,chrZ:34853510,0.021,1.000,1.871,1.587,2.207,9.98E-14,0.479,0.448,0.509,0.170494442,0.627,0.007,-0.086,0.004,0.001,2,1298
chrZ,34910825,chrZ:34910825,0.021,0.995,1.984,1.635,2.408,4.06E-12,0.482,0.456,0.509,0.193672905,0.685,0.010,-0.070,0.003,0.000,2,1298
chrZ,34967878,chrZ:34967878,0.021,1.000,1.927,1.598,2.325,7.18E-12,0.486,0.459,0.512,0.289571654,0.656,0.009,-0.057,0.003,0.000,2,1298
chrZ,35026640,chrZ:35026640,0.055,0.991,1.532,1.278,1.837,4.06E-06,0.501,0.469,0.532,0.971976959,0.427,0.009,0.002,0.004,0.002,2,1298
chrZ,35064199,chrZ:35064199,0.034,0.995,2.159,1.744,2.672,1.56E-12,0.486,0.458,0.514,0.340971322,0.770,0.012,-0.055,0.003,-0.001,2,1298
chrZ,35101233,chrZ:35101233,0.029,1.000,2.062,1.711,2.484,2.75E-14,0.485,0.46,0.511,0.263494937,0.724,0.009,-0.059,0.003,0.000,2,1298
chrZ,35152858,chrZ:35152858,0.013,1.000,1.96,1.631,2.355,6.83E-13,0.478,0.452,0.504,0.102856029,0.673,0.009,-0.087,0.003,0.001,2,1298
chrZ,35224766,chrZ:35224766,0.013,1.000,2.134,1.771,2.571,1.61E-15,0.476,0.448,0.503,0.085913431,0.758,0.009,-0.098,0.003,0.001,2,1298
chrZ,35346554,chrZ:35346554,0.013,1.000,1.986,1.67,2.361,7.87E-15,0.478,0.449,0.507,0.138119308,0.686,0.008,-0.089,0.004,0.001,2,1298
chrZ,35405846,chrZ:35405846,0.042,0.991,2.044,1.671,2.501,3.45E-12,0.492,0.465,0.518,0.53500772,0.715,0.011,-0.034,0.003,0.000,2,1298
chrZ,35452705,chrZ:35452705,0.017,1.000,1.776,1.468,2.148,3.37E-09,0.482,0.458,0.507,0.163349017,0.574,0.009,-0.071,0.003,0.000,2,1298
chrZ,35484495,chrZ:35484495,0.013,1.000,2.068,1.71,2.501,6.94E-14,0.479,0.454,0.505,0.10674406,0.727,0.009,-0.084,0.003,0.000,2,1298
chrZ,35537732,chrZ:35537732,0.034,0.995,1.809,1.551,2.109,4.02E-14,0.49,0.464,0.517,0.47702505,0.593,0.006,-0.039,0.003,0.000,2,1298
chrZ,35582924,chrZ:35582924,0.017,1.000,2.306,1.901,2.798,2.43E-17,0.48,0.455,0.504,0.103047559,0.836,0.010,-0.082,0.003,0.001,2,1298
chrZ,35668650,chrZ:35668650,0.029,1.000,1.903,1.59,2.279,2.37E-12,0.495,0.462,0.528,0.753053346,0.644,0.008,-0.021,0.004,0.000,2,1298
chrZ,35722790,chrZ:35722790,0.021,0.995,1.761,1.428,2.17,1.16E-07,0.482,0.446,0.518,0.317517977,0.566,0.011,-0.073,0.005,0.001,2,1298
chrZ,35754475,chrZ:35754475,0.042,1.000,1.523,1.311,1.768,3.62E-08,0.504,0.473,0.536,0.798044443,0.420,0.006,0.016,0.004,0.000,2,1298
chrZ,35799661,chrZ:35799661,0.017,0.995,1.827,1.527,2.187,4.91E-11,0.482,0.456,0.508,0.182350649,0.603,0.008,-0.071,0.003,0.001,2,1298
chrZ,35845162,chrZ:35845162,0.050,0.991,2.047,1.697,2.468,6.39E-14,0.494,0.467,0.521,0.677098989,0.716,0.009,-0.023,0.003,0.001,2,1298
chrZ,35903233,chrZ:35903233,0.029,0.991,1.828,1.542,2.167,3.84E-12,0.492,0.463,0.521,0.591993088,0.603,0.008,-0.032,0.003,0.000,2,1298
chrZ,35967132,chrZ:35967132,0.029,1.000,1.771,1.472,2.131,1.32E-09,0.491,0.458,0.523,0.56865533,0.572,0.009,-0.038,0.004,0.001,2,1298
chrZ,36068443,chrZ:36068443,0.029,0.991,2.086,1.699,2.561,2.14E-12,0.485,0.458,0.511,0.259395124,0.735,0.011,-0.061,0.003,0.000,2,1298
chrZ,36140218,chrZ:36140218,0.029,0.991,1.934,1.57,2.382,5.60E-10,0.486,0.453,0.518,0.384745701,0.659,0.011,-0.058,0.004,0.001,2,1298
chrZ,36193441,chrZ:36193441,0.017,1.000,2.058,1.709,2.479,2.82E-14,0.48,0.452,0.508,0.161901027,0.722,0.009,-0.080,0.003,0.001,2,1298
chrZ,36257831,chrZ:36257831,0.025,0.995,2.049,1.656,2.535,4.17E-11,0.478,0.445,0.512,0.207842964,0.717,0.012,-0.087,0.005,0.001,2,1298
chrZ,36325942,chrZ:36325942,0.017,1.000,2.039,1.7,2.446,1.71E-14,0.482,0.455,0.509,0.194774615,0.712,0.009,-0.072,0.003,0.000,2,1298
chrZ,36378857,chrZ:36378857,0.029,0.986,2.202,1.761,2.753,4.55E-12,0.478,0.453,0.502,0.071542478,0.789,0.013,-0.090,0.002,0.000,2,1298
chrZ,36423275,chrZ:36423275,0.017,1.000,1.98,1.634,2.398,2.95E-12,0.479,0.454,0.504,0.102430885,0.683,0.010,-0.083,0.003,0.001,2,1298
chrZ,36469447,chrZ:36469447,0.021,0.995,1.833,1.546,2.175,3.29E-12,0.475,0.451,0.5,0.049834609,0.606,0.008,-0.098,0.003,0.000,2,1298
chrZ,36549916,chrZ:36549916,0.034,0.991,2.08,1.669,2.593,7.31E-11,0.492,0.464,0.521,0.590947742,0.733,0.013,-0.031,0.003,0.000,2,1298
chrZ,36687157,chrZ:36687157,0.017,1.000,2.019,1.682,2.423,4.52E-14,0.472,0.445,0.5,0.051727502,0.703,0.009,-0.110,0.003,0.000,2,1298
chrZ,36738234,chrZ:36738234,0.025,0.991,2.218,1.835,2.682,1.96E-16,0.474,0.449,0.499,0.043620867,0.797,0.009,-0.104,0.003,0.001,2,1298
chrZ,36778300,chrZ:36778300,0.017,1.000,2.014,1.657,2.448,2.10E-12,0.475,0.444,0.506,0.108295649,0.700,0.010,-0.102,0.004,0.001,2,1298
chrZ,36847422,chrZ:36847422,0.021,1.000,2.252,1.856,2.731,1.73E-16,0.481,0.456,0.507,0.149959078,0.812,0.010,-0.075,0.003,0.000,2,1298
chrZ,36896946,chrZ:36896946,0.025,0.995,1.911,1.618,2.257,2.50E-14,0.476,0.452,0.5,0.046724212,0.647,0.007,-0.097,0.002,0.000,2,1298
chrZ,36963545,chrZ:36963545,0.025,0.995,2.141,1.748,2.623,1.95E-13,0.481,0.453,0.509,0.182494563,0.761,0.011,-0.076,0.003,-0.001,2,1298
chrZ,37053450,chrZ:37053450,0.025,1.000,1.905,1.539,2.359,3.35E-09,0.481,0.451,0.512,0.231442864,0.644,0.012,-0.074,0.004,0.001,2,1298
chrZ,37123517,chrZ:37123517,0.034,0.991,2.118,1.785,2.512,7.40E-18,0.482,0.453,0.511,0.214261718,0.750,0.008,-0.073,0.003,-0.001,2,1298
chrZ,37203827,chrZ:37203827,0.046,0.995,1.77,1.449,2.163,2.35E-08,0.502,0.474,0.53,0.900607853,0.571,0.010,0.007,0.003,0.000,2,1298
chrZ,37283670,chrZ:37283670,0.038,0.995,1.947,1.636,2.316,5.59E-14,0.487,0.459,0.515,0.360960862,0.666,0.008,-0.052,0.003,0.001,2,1298
chrZ,37333059,chrZ:37333059,0.025,0.986,2.318,1.889,2.843,7.55E-16,0.476,0.455,0.498,0.028715477,0.841,0.011,-0.095,0.002,0.000,2,1298
chrZ,37428302,chrZ:37428302,0.017,0.995,1.843,1.541,2.205,2.36E-11,0.477,0.447,0.506,0.124597239,0.611,0.008,-0.094,0.004,0.001,2,1298
chrZ,37465574,chrZ:37465574,0.013,1.000,1.963,1.652,2.333,1.83E-14,0.479,0.454,0.504,0.101530734,0.675,0.008,-0.084,0.003,0.000,2,1298
chrZ,37499396,chrZ:37499396,0.008,1.000,1.994,1.636,2.43,7.86E-12,0.474,0.447,0.502,0.064093264,0.690,0.010,-0.103,0.003,-0.001,2,1298
chrZ,37545750,chrZ:37545750,0.029,1.000,2.13,1.81,2.506,8.02E-20,0.488,0.464,0.512,0.332024326,0.756,0.007,-0.048,0.002,0.000,2,1298
chrZ,37625495,chrZ:37625495,0.017,1.000,1.966,1.648,2.345,6.04E-14,0.481,0.452,0.51,0.189891285,0.676,0.008,-0.077,0.003,0.000,2,1298
chrZ,37730165,chrZ:37730165,0.029,0.995,1.759,1.438,2.152,4.06E-08,0.488,0.455,0.521,0.47193667,0.565,0.011,-0.049,0.005,0.002,2,1298
chrZ,37792683,chrZ:37792683,0.029,0.991,2.258,1.841,2.771,6.00E-15,0.478,0.451,0.506,0.12783542,0.815,0.011,-0.086,0.003,0.000,2,1298
chrZ,37847689,chrZ:37847689,0.013,1.000,1.908,1.568,2.321,1.05E-10,0.478,0.446,0.509,0.160831211,0.646,0.010,-0.090,0.004,0.000,2,1298
chrZ,37911793,chrZ:37911793,0.021,1.000,2.134,1.731,2.63,1.21E-12,0.482,0.453,0.51,0.205766935,0.758,0.011,-0.073,0.003,0.000,2,1298
chrZ,37946459,chrZ:37946459,0.029,0.995,1.96,1.578,2.434,1.15E-09,0.48,0.452,0.509,0.174514871,0.673,0.012,-0.080,0.003,0.000,2,1298
chrZ,38004374,chrZ:38004374,0.021,0.995,1.979,1.644,2.382,5.16E-13,0.476,0.449,0.503,0.081198215,0.683,0.009,-0.095,0.003,0.001,2,1298
chrZ,38033486,chrZ:38033486,0.050,1.000,1.939,1.652,2.274,4.52E-16,0.497,0.467,0.526,0.819762151,0.662,0.007,-0.014,0.004,-0.001,2,1298
chrZ,38109726,chrZ:38109726,0.038,0.991,1.855,1.504,2.288,7.87E-09,0.493,0.465,0.521,0.628281356,0.618,0.011,-0.028,0.003,0.000,2,1298
chrZ,38142131,chrZ:38142131,0.034,0.991,2.101,1.694,2.606,1.40E-11,0.487,0.459,0.515,0.358961832,0.743,0.012,-0.053,0.003,0.000,2,1298
chrZ,38202360,chrZ:38202360,0.017,0.995,2.15,1.749,2.643,3.57E-13,0.475,0.453,0.498,0.030592932,0.765,0.011,-0.099,0.002,0.001,2,1298
chrZ,38245610,chrZ:38245610,0.025,0.995,2.126,1.754,2.579,1.74E-14,0.484,0.458,0.51,0.238403633,0.754,0.010,-0.063,0.003,0.000,2,1298
chrZ,38303680,chrZ:38303680,0.050,1.000,1.985,1.712,2.302,1.20E-19,0.498,0.469,0.526,0.874708125,0.686,0.006,-0.009,0.003,0.000,2,1298
chrZ,38334760,chrZ:38334760,0.029,0.995,1.996,1.609,2.476,3.20E-10,0.486,0.457,0.515,0.354783119,0.691,0.012,-0.055,0.004,0.000,2,1298
chrZ,38394649,chrZ:38394649,0.017,1.000,1.853,1.547,2.22,2.10E-11,0.48,0.45,0.51,0.183195172,0.617,0.008,-0.081,0.004,0.000,2,1298
chrZ,38429439,chrZ:38429439,0.008,1.000,1.778,1.469,2.152,3.47E-09,0.469,0.438,0.5,0.051702814,0.576,0.009,-0.124,0.004,0.002,2,1298
chrZ,38483030,chrZ:38483030,0.017,0.995,2.077,1.699,2.538,9.32E-13,0.48,0.453,0.508,0.161276744,0.731,0.010,-0.079,0.003,0.001,2,1298
chrZ,38526436,chrZ:38526436,0.021,1.000,2.168,1.781,2.64,1.24E-14,0.479,0.447,0.511,0.206615134,0.774,0.010,-0.083,0.004,0.001,2,1298
chrZ,38588121,chrZ:38588121,0.029,1.000,2.295,1.892,2.784,3.22E-17,0.485,0.462,0.507,0.177746669,0.831,0.010,-0.062,0.002,0.000,2,1298
chrZ,38680422,chrZ:38680422,0.025,0.995,2.114,1.737,2.574,8.24E-14,0.479,0.452,0.506,0.123596669,0.749,0.010,-0.084,0.003,0.000,2,1298
chrZ,38718545,chrZ:38718545,0.029,1.000,2.007,1.687,2.388,3.97E-15,0.485,0.46,0.51,0.233417056,0.697,0.008,-0.060,0.003,0.000,2,1298
chrZ,38758585,chrZ:38758585,0.029,1.000,1.894,1.629,2.202,9.40E-17,0.486,0.459,0.513,0.295159604,0.639,0.006,-0.057,0.003,0.000,2,1298
chrZ,38795486,chrZ:38795486,0.034,0.995,2.125,1.724,2.62,1.69E-12,0.486,0.459,0.513,0.307630915,0.754,0.011,-0.056,0.003,-0.001,2,1298
chrZ,38868249,chrZ:38868249,0.021,0.991,1.971,1.584,2.452,1.14E-09,0.481,0.457,0.505,0.115349994,0.679,0.012,-0.077,0.002,0.000,2,1298
chrZ,38925819,chrZ:38925819,0.034,0.991,2.101,1.728,2.554,9.53E-14,0.49,0.466,0.514,0.418376226,0.742,0.010,-0.039,0.002,0.000,2,1298
chrZ,38968573,chrZ:38968573,0.017,0.991,2.174,1.763,2.68,3.58E-13,0.474,0.449,0.499,0.042503479,0.777,0.011,-0.105,0.003,0.001,2,1298
chrZ,39013340,chrZ:39013340,0.025,0.995,2.242,1.811,2.776,1.28E-13,0.482,0.455,0.508,0.180203982,0.807,0.012,-0.073,0.003,0.000,2,1298
chrZ,39074605,chrZ:39074605,0.046,0.991,2.235,1.748,2.858,1.41E-10,0.487,0.462,0.513,0.327170762,0.804,0.016,-0.050,0.003,0.000,2,1298
chrZ,39121293,chrZ:39121293,0.038,1.000,2.109,1.779,2.499,7.42E-18,0.489,0.464,0.514,0.384614878,0.746,0.008,-0.044,0.003,0.001,2,1298
chrZ,39155112,chrZ:39155112,0.021,1.000,2.044,1.691,2.47,1.42E-13,0.484,0.453,0.515,0.313896845,0.715,0.009,-0.064,0.004,0.002,2,1298
chrZ,39208039,chrZ:39208039,0.029,0.995,1.949,1.575,2.412,8.16E-10,0.487,0.455,0.519,0.436504477,0.667,0.012,-0.051,0.004,0.000,2,1298
chrZ,39243272,chrZ:39243272,0.025,0.995,2.259,1.845,2.766,2.98E-15,0.478,0.451,0.506,0.126822949,0.815,0.011,-0.086,0.003,-0.001,2,1298
chrZ,39289696,chrZ:39289696,0.029,1.000,2.301,1.888,2.803,1.30E-16,0.488,0.464,0.513,0.345577102,0.833,0.010,-0.047,0.002,0.001,2,1298
chrZ,39325479,chrZ:39325479,0.029,0.995,2.186,1.77,2.701,4.05E-13,0.483,0.456,0.51,0.223542726,0.782,0.012,-0.068,0.003,0.000,2,1298
chrZ,39369901,chrZ:39369901,0.029,0.995,1.829,1.484,2.254,1.45E-08,0.488,0.459,0.517,0.410644497,0.604,0.011,-0.048,0.003,0.000,2,1298
chrZ,39481219,chrZ:39481219,0.029,1.000,2.06,1.694,2.506,4.82E-13,0.486,0.458,0.514,0.31943252,0.723,0.010,-0.056,0.003,0.001,2,1298
chrZ,39554255,chrZ:39554255,0.017,0.986,1.806,1.505,2.168,2.28E-10,0.466,0.43,0.501,0.05991385,0.591,0.009,-0.137,0.005,0.001,2,1298
chrZ,39603083,chrZ:39603083,0.025,0.991,2.186,1.757,2.718,2.09E-12,0.486,0.46,0.513,0.319344489,0.782,0.012,-0.054,0.003,0.000,2,1298
chrZ,39647453,chrZ:39647453,0.034,0.986,1.836,1.487,2.268,1.68E-08,0.491,0.462,0.52,0.538405785,0.608,0.012,-0.037,0.004,0.000,2,1298
chrZ,39675443,chrZ:39675443,0.021,0.995,1.931,1.601,2.328,5.76E-12,0.478,0.453,0.502,0.076244256,0.658,0.009,-0.090,0.003,0.000,2,1298
chrZ,39723818,chrZ:39723818,0.042,1.000,2.251,1.865,2.716,2.54E-17,0.49,0.464,0.517,0.46741019,0.811,0.009,-0.040,0.003,-0.001,2,1298
chrZ,39766679,chrZ:39766679,0.017,0.995,2.026,1.609,2.549,1.78E-09,0.482,0.452,0.512,0.233540188,0.706,0.014,-0.073,0.004,0.000,2,1298
chrZ,39813753,chrZ:39813753,0.059,0.991,1.966,1.592,2.429,3.49E-10,0.496,0.464,0.529,0.811458122,0.676,0.012,-0.016,0.004,0.001,2,1298
chrZ,39884580,chrZ:39884580,0.025,0.995,2.067,1.693,2.525,1.07E-12,0.484,0.454,0.514,0.294958143,0.726,0.010,-0.064,0.004,0.001,2,1298
chrZ,39946370,chrZ:39946370,0.021,0.982,1.868,1.501,2.325,2.23E-08,0.477,0.442,0.512,0.190925255,0.625,0.012,-0.093,0.005,0.000,2,1298
chrZ,39982575,chrZ:39982575,0.021,0.995,2.154,1.798,2.58,8.44E-17,0.483,0.46,0.507,0.160123665,0.767,0.008,-0.067,0.002,0.000,2,1298
chrZ,40043021,chrZ:40043021,0.046,0.995,1.965,1.586,2.434,6.50E-10,0.494,0.465,0.523,0.680393626,0.675,0.012,-0.024,0.004,-0.001,2,1298
chrZ,40095660,chrZ:40095660,0.021,1.000,1.808,1.519,2.152,2.82E-11,0.483,0.45,0.516,0.30379611,0.592,0.008,-0.070,0.005,0.000,2,1298
chrZ,40141675,chrZ:40141675,0.021,0.991,2.081,1.708,2.535,3.27E-13,0.481,0.454,0.509,0.179235225,0.733,0.010,-0.075,0.003,0.001,2,1298
chrZ,40207556,chrZ:40207556,0.021,0.995,2,1.652,2.42,1.09E-12,0.486,0.459,0.514,0.336603187,0.693,0.009,-0.055,0.003,0.000,2,1298
chrZ,40243109,chrZ:40243109,0.029,0.995,1.859,1.497,2.31,2.06E-08,0.488,0.456,0.521,0.485718097,0.620,0.012,-0.047,0.005,0.000,2,1298
chrZ,40293888,chrZ:40293888,0.021,1.000,2.227,1.796,2.762,3.03E-13,0.48,0.452,0.508,0.162695534,0.801,0.012,-0.079,0.003,0.001,2,1298
chrZ,40363108,chrZ:40363108,0.017,0.986,2.077,1.686,2.56,6.69E-12,0.473,0.442,0.505,0.097253835,0.731,0.011,-0.107,0.004,0.000,2,1298
chrZ,40417119,chrZ:40417119,0.025,0.982,1.914,1.535,2.386,8.02E-09,0.476,0.451,0.501,0.061343184,0.649,0.013,-0.096,0.003,0.000,2,1298
chrZ,40468504,chrZ:40468504,0.025,0.995,1.937,1.63,2.303,6.32E-14,0.489,0.461,0.517,0.424775324,0.661,0.008,-0.045,0.003,0.001,2,1298
chrZ,40545626,chrZ:40545626,0.017,0.995,1.879,1.606,2.198,3.43E-15,0.471,0.445,0.497,0.026424662,0.631,0.006,-0.118,0.003,0.001,2,1298
chrZ,40706300,chrZ:40706300,0.025,1.000,2.106,1.743,2.546,1.27E-14,0.482,0.452,0.512,0.231871532,0.745,0.009,-0.072,0.004,0.000,2,1298
chrZ,40772843,chrZ:40772843,0.025,0.995,2.07,1.719,2.494,1.85E-14,0.483,0.458,0.508,0.170630821,0.728,0.009,-0.070,0.003,0.001,2,1298
chrZ,40864589,chrZ:40864589,0.029,1.000,1.799,1.523,2.125,4.80E-12,0.492,0.458,0.526,0.633751576,0.587,0.007,-0.033,0.005,0.000,2,1298
chrZ,40933347,chrZ:40933347,0.021,0.995,1.838,1.501,2.251,3.88E-09,0.478,0.446,0.51,0.174119427,0.609,0.011,-0.089,0.004,0.001,2,1298
chrZ,41067255,chrZ:41067255,0.013,1.000,1.956,1.687,2.269,7.02E-19,0.482,0.456,0.507,0.154573252,0.671,0.006,-0.074,0.003,0.001,2,1298
chrZ,41145637,chrZ:41145637,0.025,0.995,1.905,1.563,2.323,1.88E-10,0.489,0.463,0.515,0.387739357,0.645,0.010,-0.046,0.003,0.001,2,1298
chrZ,41221426,chrZ:41221426,0.025,0.991,1.958,1.531,2.505,8.90E-08,0.48,0.449,0.512,0.219213096,0.672,0.016,-0.079,0.004,0.000,2,1298
chrZ,41387602,chrZ:41387602,0.017,0.995,1.919,1.534,2.4,1.18E-08,0.475,0.449,0.501,0.059463148,0.652,0.013,-0.100,0.003,0.001,2,1298
chrZ,41473351,chrZ:41473351,0.021,0.995,2.003,1.607,2.495,6.14E-10,0.481,0.453,0.51,0.198451133,0.694,0.013,-0.075,0.003,0.000,2,1298
chrZ,41570071,chrZ:41570071,0.017,1.000,2.173,1.822,2.593,6.42E-18,0.486,0.463,0.509,0.21806269,0.776,0.008,-0.058,0.002,0.000,2,1298
chrZ,41620227,chrZ:41620227,0.017,1.000,1.837,1.56,2.164,3.22E-13,0.479,0.451,0.507,0.146968263,0.608,0.007,-0.083,0.003,0.001,2,1298
chrZ,41730529,chrZ:41730529,0.029,0.991,2.089,1.725,2.529,4.46E-14,0.484,0.457,0.511,0.237274095,0.737,0.010,-0.066,0.003,0.000,2,1298
chrZ,41786814,chrZ:41786814,0.025,0.991,2.085,1.719,2.53,9.07E-14,0.478,0.451,0.505,0.108154863,0.735,0.010,-0.089,0.003,0.001,2,1298
chrZ,41839775,chrZ:41839775,0.013,1.000,2.049,1.646,2.552,1.45E-10,0.486,0.458,0.514,0.338448505,0.717,0.013,-0.055,0.003,-0.001,2,1298
chrZ,41919439,chrZ:41919439,0.034,1.000,1.781,1.52,2.088,1.03E-12,0.496,0.465,0.527,0.795296835,0.577,0.007,-0.016,0.004,0.000,2,1298
chrZ,42073118,chrZ:42073118,0.021,0.995,2.091,1.665,2.628,2.36E-10,0.482,0.454,0.511,0.233542471,0.738,0.014,-0.070,0.003,-0.001,2,1298
chrZ,42128398,chrZ:42128398,0.025,1.000,2.277,1.936,2.678,2.47E-23,0.48,0.456,0.503,0.089052931,0.823,0.007,-0.081,0.002,0.000,2,1298
chrZ,42234798,chrZ:42234798,0.008,0.995,2.039,1.669,2.491,3.13E-12,0.472,0.444,0.499,0.046015232,0.712,0.010,-0.114,0.003,0.000,2,1298
chrZ,42287238,chrZ:42287238,0.021,0.995,2.047,1.71,2.452,6.75E-15,0.48,0.45,0.51,0.187523958,0.717,0.008,-0.081,0.004,0.001,2,1298
chrZ,42394121,chrZ:42394121,0.021,1.000,1.516,1.313,1.75,1.34E-08,0.475,0.445,0.506,0.112017342,0.416,0.005,-0.098,0.004,0.001,2,1298
chrZ,42470508,chrZ:42470508,0.034,1.000,1.969,1.667,2.326,1.60E-15,0.491,0.464,0.519,0.531391103,0.677,0.007,-0.035,0.003,-0.001,2,1298
chrZ,42528643,chrZ:42528643,0.025,0.995,2.011,1.662,2.434,6.81E-13,0.485,0.46,0.509,0.222980413,0.699,0.009,-0.062,0.003,0.000,2,1298
chrZ,42584695,chrZ:42584695,0.063,0.991,1.744,1.394,2.18,1.08E-06,0.497,0.461,0.532,0.856956877,0.556,0.013,-0.013,0.005,0.000,2,1298
chrZ,42638100,chrZ:42638100,0.038,1.000,1.881,1.59,2.227,1.93E-13,0.492,0.463,0.521,0.569282083,0.632,0.007,-0.034,0.004,0.000,2,1298
chrZ,42746638,chrZ:42746638,0.017,1.000,2.095,1.726,2.542,6.99E-14,0.479,0.453,0.506,0.124405542,0.739,0.010,-0.083,0.003,0.001,2,1298
chrZ,42790674,chrZ:42790674,0.034,0.995,1.896,1.56,2.305,1.36E-10,0.495,0.458,0.531,0.786191355,0.640,0.010,-0.020,0.006,0.000,2,1298
chrZ,42851489,chrZ:42851489,0.034,0.991,2.04,1.644,2.531,9.37E-11,0.482,0.45,0.514,0.269801135,0.713,0.012,-0.072,0.004,0.001,2,1298
chrZ,42947274,chrZ:42947274,0.017,1.000,1.769,1.487,2.105,1.22E-10,0.482,0.453,0.512,0.233630848,0.570,0.008,-0.072,0.004,0.000,2,1298
chrZ,43163045,chrZ:43163045,0.025,0.991,1.945,1.588,2.384,1.36E-10,0.482,0.456,0.508,0.166458077,0.666,0.011,-0.073,0.003,0.000,2,1298
chrZ,43228207,chrZ:43228207,0.013,1.000,2.016,1.719,2.364,6.90E-18,0.482,0.456,0.509,0.183548401,0.701,0.007,-0.072,0.003,0.000,2,1298
chrZ,43292539,chrZ:43292539,0.025,0.995,1.966,1.6,2.416,1.26E-10,0.483,0.456,0.511,0.235592684,0.676,0.011,-0.066,0.003,-0.001,2,1298
chrZ,43449569,chrZ:43449569,0.004,1.000,1.841,1.53,2.217,1.12E-10,0.473,0.443,0.504,0.086898834,0.610,0.009,-0.106,0.004,0.001,2,1298
chrZ,43620672,chrZ:43620672,0.025,0.986,1.94,1.567,2.402,1.20E-09,0.482,0.455,0.51,0.201151131,0.663,0.012,-0.071,0.003,0.000,2,1298
chrZ,43799766,chrZ:43799766,0.034,1.000,1.798,1.558,2.075,1.03E-15,0.491,0.46,0.521,0.550676102,0.587,0.005,-0.038,0.004,0.000,2,1298
chrZ,43851127,chrZ:43851127,0.029,0.986,2.188,1.768,2.708,6.26E-13,0.479,0.452,0.506,0.122204468,0.783,0.012,-0.084,0.003,0.000,2,1298
chrZ,43936014,chrZ:43936014,0.034,1.000,2.277,1.888,2.746,6.94E-18,0.484,0.458,0.51,0.221658491,0.823,0.009,-0.065,0.003,-0.001,2,1298
chrZ,44008530,chrZ:44008530,0.025,1.000,1.91,1.606,2.271,2.57E-13,0.489,0.454,0.524,0.548190421,0.647,0.008,-0.043,0.005,0.001,2,1298
chrZ,44062681,chrZ:44062681,0.038,0.995,1.887,1.564,2.276,3.14E-11,0.494,0.463,0.525,0.72087531,0.635,0.009,-0.023,0.004,-0.001,2,1298
chrZ,44089715,chrZ:44089715,0.025,0.995,2.226,1.82,2.723,7.19E-15,0.481,0.459,0.503,0.089857787,0.800,0.011,-0.076,0.002,0.000,2,1298
chrZ,44132391,chrZ:44132391,0.025,0.991,2.362,1.937,2.881,2.10E-17,0.478,0.453,0.502,0.077476488,0.860,0.010,-0.089,0.003,0.000,2,1298
chrZ,44189049,chrZ:44189049,0.017,0.982,2.181,1.726,2.756,6.30E-11,0.472,0.446,0.498,0.036091326,0.780,0.014,-0.113,0.003,0.000,2,1298
chrZ,44231646,chrZ:44231646,0.025,0.995,1.954,1.652,2.31,4.73E-15,0.486,0.463,0.51,0.246908056,0.670,0.007,-0.056,0.002,0.001,2,1298
chrZ,44366079,chrZ:44366079,0.021,1.000,1.579,1.367,1.823,5.21E-10,0.491,0.463,0.519,0.527926616,0.457,0.005,-0.036,0.003,0.000,2,1298
chrZ,44417288,chrZ:44417288,0.017,1.000,1.836,1.533,2.199,4.08E-11,0.486,0.457,0.515,0.35542447,0.608,0.008,-0.055,0.004,0.000,2,1298
chrZ,44464071,chrZ:44464071,0.042,0.986,1.83,1.517,2.208,2.70E-10,0.486,0.458,0.513,0.313245611,0.604,0.009,-0.057,0.003,0.000,2,1298
chrZ,44503315,chrZ:44503315,0.017,0.991,1.863,1.543,2.25,9.85E-11,0.476,0.447,0.505,0.102884479,0.622,0.009,-0.096,0.003,0.000,2,1298
chrZ,44552822,chrZ:44552822,0.029,1.000,1.877,1.589,2.216,1.20E-13,0.488,0.464,0.512,0.31903698,0.629,0.007,-0.049,0.002,0.000,2,1298
chrZ,44583564,chrZ:44583564,0.034,0.995,1.955,1.616,2.364,4.94E-12,0.486,0.461,0.511,0.271495103,0.670,0.009,-0.056,0.003,0.000,2,1298
chrZ,44629399,chrZ:44629399,0.029,0.986,2.166,1.728,2.716,2.14E-11,0.479,0.448,0.51,0.180951551,0.773,0.013,-0.084,0.004,-0.001,2,1298
chrZ,44734989,chrZ:44734989,0.013,1.000,2.03,1.666,2.474,2.26E-12,0.476,0.448,0.504,0.09377663,0.708,0.010,-0.095,0.003,0.001,2,1298
chrZ,44802208,chrZ:44802208,0.017,0.995,1.89,1.534,2.33,2.32E-09,0.48,0.451,0.509,0.17909497,0.637,0.011,-0.080,0.004,0.000,2,1298
chrZ,44838936,chrZ:44838936,0.038,0.991,2.116,1.673,2.677,3.94E-10,0.481,0.452,0.51,0.195109072,0.750,0.014,-0.076,0.003,0.000,2,1298
chrZ,44902715,chrZ:44902715,0.017,0.986,1.712,1.401,2.092,1.45E-07,0.476,0.444,0.509,0.153238073,0.538,0.010,-0.095,0.004,0.000,2,1298
chrZ,44939742,chrZ:44939742,0.021,0.995,2.066,1.686,2.533,2.68E-12,0.48,0.456,0.504,0.107853176,0.726,0.011,-0.079,0.002,0.001,2,1298
chrZ,44982116,chrZ:44982116,0.017,0.995,1.985,1.613,2.443,9.72E-11,0.478,0.453,0.504,0.095807918,0.686,0.011,-0.086,0.003,0.000,2,1298
chrZ,45011867,chrZ:45011867,0.025,0.991,1.862,1.504,2.307,1.23E-08,0.48,0.455,0.505,0.122571194,0.622,0.012,-0.080,0.003,0.000,2,1298
chrZ,45081148,chrZ:45081148,0.038,0.995,1.992,1.636,2.426,7.07E-12,0.486,0.46,0.513,0.309094875,0.689,0.010,-0.055,0.003,0.000,2,1298
chrZ,45123915,chrZ:45123915,0.021,0.991,2.237,1.788,2.798,1.80E-12,0.473,0.447,0.498,0.036860125,0.805,0.013,-0.109,0.003,0.000,2,1298
chrZ,45163120,chrZ:45163120,0.042,0.991,1.689,1.385,2.059,2.16E-07,0.495,0.466,0.524,0.732517573,0.524,0.010,-0.020,0.003,0.000,2,1298
chrZ,45237292,chrZ:45237292,0.021,0.991,1.828,1.502,2.225,1.72E-09,0.475,0.442,0.508,0.142818458,0.603,0.010,-0.099,0.005,0.001,2,1298
chrZ,45292879,chrZ:45292879,0.038,0.995,2.266,1.918,2.678,7.68E-22,0.489,0.468,0.51,0.289838038,0.818,0.007,-0.045,0.002,0.000,2,1298
chrZ,45330415,chrZ:45330415,0.008,0.986,1.85,1.511,2.265,2.48E-09,0.461,0.43,0.493,0.018390937,0.615,0.011,-0.154,0.004,0.001,2,1298
chrZ,45366928,chrZ:45366928,0.008,0.995,2.208,1.772,2.752,1.79E-12,0.471,0.448,0.494,0.013924892,0.792,0.013,-0.116,0.002,0.000,2,1298
chrZ,45407701,chrZ:45407701,0.038,0.991,1.977,1.582,2.47,2.06E-09,0.487,0.458,0.517,0.391748625,0.681,0.013,-0.051,0.004,0.000,2,1298
chrZ,45455213,chrZ:45455213,0.021,0.995,2.24,1.792,2.799,1.32E-12,0.48,0.455,0.505,0.121601327,0.806,0.013,-0.080,0.003,-0.001,2,1298
chrZ,45501405,chrZ:45501405,0.025,0.995,2.185,1.737,2.749,2.51E-11,0.485,0.458,0.511,0.264007042,0.782,0.014,-0.061,0.003,-0.001,2,1298
chrZ,45535784,chrZ:45535784,0.038,0.995,1.836,1.496,2.253,5.82E-09,0.49,0.461,0.519,0.504852542,0.608,0.011,-0.040,0.004,0.000,2,1298
chrZ,45598629,chrZ:45598629,0.021,1.000,2.02,1.697,2.404,2.60E-15,0.483,0.456,0.51,0.219096315,0.703,0.008,-0.068,0.003,0.000,2,1298
chrZ,45650974,chrZ:45650974,0.029,0.995,2.18,1.828,2.598,3.60E-18,0.482,0.457,0.507,0.159986267,0.779,0.008,-0.072,0.003,0.000,2,1298
chrZ,45712375,chrZ:45712375,0.025,0.995,1.885,1.515,2.345,1.28E-08,0.478,0.449,0.508,0.146911468,0.634,0.012,-0.087,0.004,0.001,2,1298
chrZ,45789846,chrZ:45789846,0.029,1.000,2.189,1.789,2.679,2.91E-14,0.49,0.461,0.519,0.491036173,0.784,0.011,-0.040,0.003,-0.001,2,1298
chrZ,45810843,chrZ:45810843,0.034,1.000,1.869,1.59,2.196,3.17E-14,0.49,0.455,0.524,0.559676526,0.625,0.007,-0.042,0.005,0.000,2,1298
chrZ,45857301,chrZ:45857301,0.029,0.982,2.22,1.718,2.869,1.06E-09,0.481,0.453,0.51,0.197853835,0.798,0.017,-0.074,0.003,0.001,2,1298
chrZ,45910010,chrZ:45910010,0.025,1.000,1.991,1.723,2.301,9.08E-21,0.488,0.461,0.516,0.402071251,0.689,0.005,-0.046,0.003,0.000,2,1298
chrZ,45982456,chrZ:45982456,0.025,1.000,2.241,1.846,2.72,3.22E-16,0.483,0.46,0.507,0.166667666,0.807,0.010,-0.067,0.002,0.000,2,1298
chrZ,46051671,chrZ:46051671,0.021,0.995,2.121,1.747,2.576,3.35E-14,0.477,0.455,0.499,0.042317075,0.752,0.010,-0.092,0.002,0.000,2,1298
chrZ,46110919,chrZ:46110919,0.055,0.995,1.616,1.339,1.952,6.00E-07,0.502,0.465,0.539,0.908734677,0.480,0.009,0.009,0.006,0.000,2,1298
chrZ,46161791,chrZ:46161791,0.029,0.986,1.932,1.577,2.366,1.96E-10,0.484,0.453,0.515,0.30148021,0.659,0.011,-0.065,0.004,0.001,2,1298
chrZ,46175440,chrZ:46175440,0.025,0.982,1.94,1.585,2.375,1.39E-10,0.479,0.452,0.506,0.126008541,0.663,0.011,-0.084,0.003,0.000,2,1298
chrZ,46224063,chrZ:46224063,0.017,1.000,2.148,1.822,2.533,9.53E-20,0.475,0.449,0.501,0.061319335,0.765,0.007,-0.101,0.003,0.000,2,1298
chrZ,46293071,chrZ:46293071,0.025,0.995,1.978,1.658,2.36,3.71E-14,0.479,0.452,0.506,0.131878379,0.682,0.008,-0.084,0.003,0.000,2,1298
chrZ,46369231,chrZ:46369231,0.021,1.000,1.608,1.345,1.922,1.84E-07,0.485,0.454,0.516,0.348386711,0.475,0.008,-0.059,0.004,0.000,2,1298
chrZ,46409710,chrZ:46409710,0.013,1.000,2.005,1.643,2.448,8.17E-12,0.476,0.448,0.504,0.089932072,0.696,0.010,-0.098,0.003,0.001,2,1298
chrZ,46444976,chrZ:46444976,0.021,1.000,2.103,1.763,2.509,1.46E-16,0.479,0.454,0.504,0.106803203,0.743,0.008,-0.083,0.003,0.000,2,1298
chrZ,46515178,chrZ:46515178,0.029,1.000,1.816,1.487,2.218,5.01E-09,0.487,0.455,0.519,0.432111125,0.597,0.010,-0.052,0.004,0.001,2,1298
chrZ,46596935,chrZ:46596935,0.029,0.986,1.939,1.534,2.453,3.18E-08,0.476,0.445,0.506,0.12024278,0.662,0.014,-0.097,0.004,-0.002,2,1298
chrZ,46645607,chrZ:46645607,0.017,0.995,1.856,1.548,2.224,2.16E-11,0.481,0.449,0.513,0.251578462,0.618,0.009,-0.076,0.004,0.001,2,1298
chrZ,46705125,chrZ:46705125,0.017,1.000,2.048,1.777,2.36,4.38E-23,0.48,0.458,0.502,0.07808785,0.717,0.005,-0.079,0.002,0.000,2,1298
chrZ,46770669,chrZ:46770669,0.025,1.000,2.248,1.854,2.727,1.97E-16,0.483,0.456,0.51,0.228247213,0.810,0.010,-0.066,0.003,-0.001,2,1298
chrZ,46821635,chrZ:46821635,0.017,1.000,2.069,1.729,2.477,2.25E-15,0.481,0.456,0.507,0.151132141,0.727,0.008,-0.074,0.003,0.000,2,1298
chrZ,46855456,chrZ:46855456,0.034,0.995,1.93,1.583,2.353,8.15E-11,0.489,0.459,0.518,0.452646631,0.657,0.010,-0.046,0.004,0.000,2,1298
chrZ,46933109,chrZ:46933109,0.017,0.991,2.066,1.683,2.535,3.64E-12,0.475,0.447,0.503,0.075392807,0.725,0.011,-0.101,0.003,0.000,2,1298
chrZ,46972383,chrZ:46972383,0.029,0.995,2.187,1.793,2.669,1.23E-14,0.481,0.458,0.503,0.09279181,0.783,0.010,-0.078,0.002,0.000,2,1298
chrZ,47055044,chrZ:47055044,0.025,0.995,2.294,1.93,2.726,4.09E-21,0.479,0.463,0.495,0.008558164,0.830,0.008,-0.085,0.001,0.000,2,1298
chrZ,47119065,chrZ:47119065,0.034,0.986,2.052,1.617,2.606,3.54E-09,0.48,0.452,0.508,0.153837113,0.719,0.015,-0.081,0.003,0.002,2,1298
chrZ,47159217,chrZ:47159217,0.029,1.000,1.909,1.631,2.235,9.11E-16,0.482,0.455,0.509,0.180590757,0.647,0.006,-0.074,0.003,0.001,2,1298
chrZ,47241909,chrZ:47241909,0.038,0.991,2.075,1.751,2.459,3.43E-17,0.494,0.47,0.518,0.648130272,0.730,0.007,-0.022,0.002,0.000,2,1298
chrZ,47267199,chrZ:47267199,0.021,0.991,2.015,1.615,2.514,5.34E-10,0.476,0.448,0.505,0.104714545,0.701,0.013,-0.094,0.003,0.002,2,1298
chrZ,47310901,chrZ:47310901,0.034,0.995,2.013,1.636,2.477,3.68E-11,0.491,0.462,0.521,0.562599276,0.700,0.011,-0.035,0.004,-0.001,2,1298
chrZ,47452827,chrZ:47452827,0.021,1.000,1.756,1.434,2.151,5.21E-08,0.483,0.452,0.513,0.270670933,0.563,0.011,-0.069,0.004,0.000,2,1298
chrZ,47501594,chrZ:47501594,0.021,1.000,2.24,1.851,2.71,1.08E-16,0.48,0.456,0.505,0.111161952,0.806,0.009,-0.079,0.002,-0.001,2,1298
chrZ,47594654,chrZ:47594654,0.025,1.000,2.077,1.637,2.635,1.82E-09,0.48,0.455,0.505,0.117315836,0.731,0.015,-0.079,0.003,0.001,2,1298
chrZ,47628167,chrZ:47628167,0.034,0.986,2.217,1.844,2.666,2.65E-17,0.479,0.451,0.507,0.147926262,0.796,0.009,-0.084,0.003,0.001,2,1298
chrZ,47664820,chrZ:47664820,0.013,1.000,2.05,1.682,2.498,1.18E-12,0.474,0.445,0.504,0.088652393,0.718,0.010,-0.102,0.004,0.000,2,1298
chrZ,47731150,chrZ:47731150,0.029,1.000,2.173,1.868,2.527,7.20E-24,0.49,0.465,0.514,0.403071624,0.776,0.006,-0.042,0.002,0.000,2,1298
chrZ,47816823,chrZ:47816823,0.021,0.995,1.992,1.666,2.382,4.17E-14,0.482,0.456,0.508,0.168893857,0.689,0.008,-0.073,0.003,0.000,2,1298
chrZ,47894106,chrZ:47894106,0.021,1.000,1.894,1.596,2.248,2.55E-13,0.483,0.456,0.511,0.231785727,0.639,0.008,-0.067,0.003,0.001,2,1298
chrZ,47945450,chrZ:47945450,0.021,1.000,1.87,1.561,2.24,1.05E-11,0.489,0.46,0.518,0.443129471,0.626,0.008,-0.045,0.003,0.001,2,1298
chrZ,48008098,chrZ:48008098,0.029,0.995,1.956,1.625,2.355,1.41E-12,0.486,0.458,0.514,0.326615807,0.671,0.009,-0.056,0.003,0.000,2,1298
chrZ,48044818,chrZ:48044818,0.034,0.995,1.853,1.539,2.231,7.49E-11,0.492,0.462,0.522,0.607292284,0.617,0.009,-0.032,0.004,0.000,2,1298
chrZ,48093776,chrZ:48093776,0.025,1.000,2.09,1.705,2.562,1.29E-12,0.484,0.457,0.512,0.266113336,0.737,0.011,-0.063,0.003,-0.001,2,1298
chrZ,48161148,chrZ:48161148,0.029,0.995,2.183,1.804,2.642,1.04E-15,0.48,0.457,0.504,0.108261011,0.781,0.009,-0.078,0.002,0.000,2,1298
chrZ,48258019,chrZ:48258019,0.017,0.986,1.8,1.451,2.233,8.69E-08,0.475,0.445,0.506,0.109308224,0.588,0.012,-0.100,0.004,0.000,2,1298
chrZ,48306795,chrZ:48306795,0.021,0.995,2.051,1.641,2.562,2.64E-10,0.477,0.449,0.506,0.125279865,0.718,0.013,-0.091,0.003,0.002,2,1298
chrZ,48371249,chrZ:48371249,0.025,1.000,2.137,1.779,2.568,5.26E-16,0.481,0.458,0.505,0.126914487,0.760,0.009,-0.074,0.002,0.000,2,1298
chrZ,48402959,chrZ:48402959,0.038,1.000,1.872,1.569,2.234,3.33E-12,0.493,0.462,0.523,0.643628476,0.627,0.008,-0.029,0.004,0.000,2,1298
chrZ,48464589,chrZ:48464589,0.021,0.991,2.093,1.699,2.579,3.96E-12,0.484,0.459,0.51,0.234194389,0.739,0.011,-0.063,0.003,0.001,2,1298
chrZ,48548027,chrZ:48548027,0.008,0.995,1.714,1.421,2.067,1.68E-08,0.467,0.434,0.5,0.046681652,0.539,0.009,-0.133,0.004,0.002,2,1298
chrZ,48616756,chrZ:48616756,0.004,1.000,2.016,1.718,2.366,8.85E-18,0.474,0.446,0.502,0.064278648,0.701,0.007,-0.105,0.003,0.000,2,1298
chrZ,48709455,chrZ:48709455,0.067,0.982,2.206,1.788,2.721,1.50E-13,0.49,0.465,0.515,0.421663932,0.791,0.011,-0.041,0.003,0.000,2,1298
chrZ,48767840,chrZ:48767840,0.021,1.000,2.081,1.683,2.574,1.38E-11,0.48,0.452,0.508,0.165851028,0.733,0.012,-0.080,0.003,0.001,2,1298
chrZ,48804937,chrZ:48804937,0.013,1.000,1.694,1.454,1.974,1.38E-11,0.478,0.45,0.506,0.11915607,0.527,0.006,-0.090,0.003,0.001,2,1298
chrZ,48851437,chrZ:48851437,0.029,0.995,2.266,1.864,2.755,2.29E-16,0.481,0.456,0.507,0.151873336,0.818,0.010,-0.074,0.003,-0.001,2,1298
chrZ,48900840,chrZ:48900840,0.038,1.000,2.006,1.717,2.344,1.83E-18,0.492,0.462,0.521,0.576021709,0.696,0.006,-0.033,0.004,0.001,2,1298
chrZ,48950436,chrZ:48950436,0.034,0.991,2.201,1.807,2.682,4.84E-15,0.485,0.462,0.508,0.19105589,0.789,0.010,-0.061,0.002,0.001,2,1298
chrZ,49054107,chrZ:49054107,0.038,0.995,1.936,1.636,2.291,1.43E-14,0.492,0.467,0.517,0.525829933,0.661,0.007,-0.033,0.003,0.000,2,1298
chrZ,49105399,chrZ:49105399,0.017,0.995,2.212,1.808,2.706,1.23E-14,0.475,0.452,0.499,0.037391998,0.794,0.011,-0.099,0.002,0.001,2,1298
chrZ,49172201,chrZ:49172201,0.013,1.000,2.182,1.796,2.651,4.07E-15,0.477,0.458,0.496,0.018858455,0.780,0.010,-0.092,0.002,0.000,2,1298
chrZ,49216030,chrZ:49216030,0.017,1.000,1.504,1.294,1.748,1.04E-07,0.478,0.445,0.511,0.193499541,0.408,0.006,-0.088,0.005,0.000,2,1298
chrZ,49255032,chrZ:49255032,0.029,0.986,2.234,1.839,2.713,5.19E-16,0.479,0.45,0.508,0.157333778,0.804,0.010,-0.084,0.003,0.000,2,1298
chrZ,49315684,chrZ:49315684,0.034,0.995,2.32,1.932,2.786,2.11E-19,0.484,0.461,0.508,0.198686199,0.842,0.009,-0.063,0.002,0.000,2,1298
chrZ,49375816,chrZ:49375816,0.029,0.986,2.306,1.857,2.862,3.69E-14,0.482,0.457,0.507,0.165948061,0.835,0.012,-0.072,0.003,0.000,2,1298
chrZ,49456658,chrZ:49456658,0.042,0.995,2.062,1.609,2.643,1.08E-08,0.49,0.459,0.522,0.54698398,0.724,0.016,-0.039,0.004,0.000,2,1298
chrZ,49538490,chrZ:49538490,0.025,0.991,2.141,1.74,2.633,5.67E-13,0.478,0.453,0.503,0.088125493,0.761,0.011,-0.088,0.003,0.000,2,1298
chrZ,49608843,chrZ:49608843,0.046,0.982,1.74,1.386,2.184,1.77E-06,0.497,0.462,0.531,0.846220144,0.554,0.013,-0.014,0.005,0.000,2,1298
chrZ,49659529,chrZ:49659529,0.034,0.991,2.108,1.701,2.612,9.67E-12,0.485,0.456,0.515,0.331234419,0.746,0.012,-0.058,0.004,0.000,2,1298
chrZ,49708721,chrZ:49708721,0.021,0.995,1.885,1.522,2.334,6.30E-09,0.486,0.459,0.513,0.320818061,0.634,0.012,-0.055,0.003,0.000,2,1298
chrZ,49898686,chrZ:49898686,0.025,1.000,2.009,1.718,2.349,2.26E-18,0.489,0.458,0.52,0.49165627,0.698,0.006,-0.044,0.004,0.000,2,1298
chrZ,49952472,chrZ:49952472,0.034,1.000,2.192,1.809,2.657,1.27E-15,0.487,0.46,0.514,0.35617841,0.785,0.010,-0.051,0.003,0.001,2,1298
chrZ,50067255,chrZ:50067255,0.038,0.995,2.176,1.79,2.645,5.72E-15,0.486,0.461,0.511,0.279900259,0.777,0.010,-0.055,0.003,0.000,2,1298
chrZ,50141083,chrZ:50141083,0.046,0.995,2.143,1.682,2.731,7.02E-10,0.495,0.468,0.523,0.738316197,0.762,0.015,-0.019,0.003,0.000,2,1298
chrZ,50205148,chrZ:50205148,0.038,1.000,2.04,1.729,2.407,2.71E-17,0.485,0.456,0.514,0.315080653,0.713,0.007,-0.060,0.004,0.001,2,1298
chrZ,50306385,chrZ:50306385,0.029,1.000,2.21,1.868,2.615,2.45E-20,0.485,0.455,0.515,0.314626446,0.793,0.007,-0.062,0.004,0.001,2,1298
chrZ,50347102,chrZ:50347102,0.025,0.991,1.877,1.519,2.32,5.63E-09,0.48,0.449,0.512,0.224786282,0.630,0.012,-0.079,0.004,0.001,2,1298
chrZ,50393530,chrZ:50393530,0.042,1.000,2.086,1.737,2.505,3.76E-15,0.489,0.462,0.516,0.436633219,0.735,0.009,-0.043,0.003,-0.001,2,1298
chrZ,50457835,chrZ:50457835,0.034,1.000,2.034,1.708,2.422,1.62E-15,0.488,0.459,0.517,0.415536451,0.710,0.008,-0.048,0.004,0.000,2,1298
chrZ,50542376,chrZ:50542376,0.021,1.000,1.968,1.636,2.368,7.35E-13,0.482,0.452,0.513,0.252207176,0.677,0.009,-0.071,0.004,0.001,2,1298
chrZ,50603455,chrZ:50603455,0.029,1.000,1.511,1.287,1.774,4.83E-07,0.495,0.461,0.529,0.777370096,0.413,0.007,-0.020,0.005,0.001,2,1298
chrZ,50764382,chrZ:50764382,0.034,0.982,1.791,1.425,2.253,6.16E-07,0.483,0.455,0.511,0.228741257,0.583,0.014,-0.069,0.003,0.000,2,1298
chrZ,50792888,chrZ:50792888,0.042,0.991,2.095,1.749,2.509,1.01E-15,0.493,0.466,0.52,0.600935706,0.739,0.008,-0.029,0.003,0.000,2,1298
chrZ,50934304,chrZ:50934304,0.021,0.986,2.117,1.774,2.526,8.58E-17,0.475,0.449,0.5,0.052609867,0.750,0.008,-0.101,0.003,0.000,2,1298
chrZ,50980557,chrZ:50980557,0.021,1.000,1.681,1.428,1.978,4.09E-10,0.487,0.46,0.514,0.333753511,0.519,0.007,-0.053,0.003,0.000,2,1298
chrZ,51038877,chrZ:51038877,0.038,0.995,2.032,1.695,2.435,1.68E-14,0.487,0.459,0.515,0.361742757,0.709,0.009,-0.052,0.003,-0.001,2,1298
chrZ,51080160,chrZ:51080160,0.042,1.000,2.19,1.857,2.582,1.17E-20,0.49,0.464,0.515,0.431093949,0.784,0.007,-0.041,0.003,0.000,2,1298
chrZ,51163580,chrZ:51163580,0.038,1.000,2.244,1.797,2.802,9.92E-13,0.485,0.455,0.515,0.328635674,0.808,0.013,-0.060,0.004,0.000,2,1298
chrZ,51268176,chrZ:51268176,0.017,1.000,1.973,1.598,2.437,2.70E-10,0.476,0.447,0.505,0.102462216,0.680,0.012,-0.096,0.003,0.001,2,1298
chrZ,51314822,chrZ:51314822,0.021,0.995,2.101,1.731,2.55,5.64E-14,0.477,0.448,0.505,0.110027586,0.742,0.010,-0.094,0.003,0.001,2,1298
chrZ,51384907,chrZ:51384907,0.034,1.000,1.963,1.628,2.366,1.48E-12,0.491,0.465,0.517,0.511923156,0.674,0.009,-0.035,0.003,0.000,2,1298
chrZ,51423523,chrZ:51423523,0.029,1.000,1.891,1.61,2.22,8.05E-15,0.486,0.459,0.514,0.338612252,0.637,0.007,-0.054,0.003,0.000,2,1298
chrZ,51490091,chrZ:51490091,0.029,0.995,2.158,1.751,2.659,5.30E-13,0.484,0.46,0.509,0.21796547,0.769,0.011,-0.062,0.003,0.000,2,1298
chrZ,51519861,chrZ:51519861,0.029,1.000,2.035,1.726,2.401,3.14E-17,0.488,0.463,0.512,0.329166265,0.711,0.007,-0.049,0.003,0.000,2,1298
chrZ,51581636,chrZ:51581636,0.038,0.991,2.004,1.608,2.497,6.04E-10,0.481,0.451,0.512,0.231072414,0.695,0.013,-0.074,0.004,0.001,2,1298
chrZ,51693456,chrZ:51693456,0.034,0.991,2.153,1.767,2.624,2.92E-14,0.489,0.46,0.518,0.451255471,0.767,0.010,-0.044,0.003,-0.002,2,1298
chrZ,51816742,chrZ:51816742,0.034,1.000,2.172,1.792,2.633,2.84E-15,0.485,0.459,0.512,0.289228994,0.776,0.010,-0.058,0.003,0.000,2,1298
chrZ,51900779,chrZ:51900779,0.034,1.000,2.027,1.724,2.382,1.10E-17,0.491,0.464,0.519,0.535052648,0.706,0.007,-0.035,0.003,0.000,2,1298
chrZ,51935875,chrZ:51935875,0.025,1.000,1.815,1.545,2.133,4.42E-13,0.489,0.462,0.516,0.412487469,0.596,0.007,-0.045,0.003,0.000,2,1298
chrZ,51969914,chrZ:51969914,0.029,1.000,1.88,1.58,2.237,1.09E-12,0.485,0.455,0.515,0.314009053,0.631,0.008,-0.062,0.004,0.001,2,1298
chrZ,52058708,chrZ:52058708,0.021,1.000,1.837,1.528,2.209,9.47E-11,0.479,0.452,0.506,0.130048857,0.608,0.009,-0.083,0.003,0.000,2,1298
chrZ,52088533,chrZ:52088533,0.038,1.000,2.022,1.688,2.421,2.04E-14,0.495,0.468,0.521,0.702159105,0.704,0.008,-0.021,0.003,0.001,2,1298
chrZ,52109087,chrZ:52109087,0.042,0.991,1.582,1.297,1.93,6.06E-06,0.494,0.456,0.532,0.763076923,0.459,0.010,-0.023,0.006,0.002,2,1298
chrZ,52135921,chrZ:52135921,0.025,0.995,1.827,1.525,2.187,5.68E-11,0.488,0.459,0.517,0.40146193,0.602,0.008,-0.050,0.004,0.001,2,1298
chrZ,52154235,chrZ:52154235,0.021,0.991,1.792,1.487,2.16,8.69E-10,0.48,0.452,0.508,0.154062632,0.583,0.009,-0.081,0.003,-0.001,2,1298
chrZ,52172811,chrZ:52172811,0.038,0.982,2.039,1.646,2.526,6.75E-11,0.481,0.448,0.513,0.248281197,0.713,0.012,-0.077,0.004,0.000,2,1298
chrZ,52206333,chrZ:52206333,0.034,1.000,1.625,1.4,1.887,1.75E-10,0.492,0.465,0.519,0.565688255,0.486,0.006,-0.032,0.003,0.000,2,1298
chrZ,52239950,chrZ:52239950,0.038,0.991,1.741,1.416,2.141,1.49E-07,0.489,0.458,0.519,0.466740026,0.554,0.011,-0.045,0.004,0.000,2,1298
chrZ,52268357,chrZ:52268357,0.004,0.995,1.609,1.359,1.906,3.70E-08,0.474,0.448,0.501,0.060360281,0.476,0.007,-0.102,0.003,0.001,2,1298
chrZ,52348780,chrZ:52348780,0.025,1.000,1.985,1.6,2.462,4.33E-10,0.489,0.462,0.517,0.433882053,0.686,0.012,-0.044,0.003,0.000,2,1298
chrZ,52431662,chrZ:52431662,0.025,0.986,2.382,1.978,2.867,4.83E-20,0.467,0.447,0.488,0.001719863,0.868,0.009,-0.132,0.002,0.000,2,1298
chrZ,52464162,chrZ:52464162,0.013,0.995,2.181,1.78,2.672,5.21E-14,0.481,0.453,0.508,0.161749673,0.780,0.011,-0.078,0.003,0.000,2,1298
chrZ,52568291,chrZ:52568291,0.021,1.000,2.242,1.852,2.714,1.22E-16,0.481,0.455,0.507,0.146868996,0.807,0.010,-0.076,0.003,0.000,2,1298
chrZ,52612877,chrZ:52612877,0.017,1.000,1.919,1.659,2.219,1.57E-18,0.479,0.455,0.504,0.096387374,0.652,0.006,-0.083,0.002,0.001,2,1298
chrZ,52667225,chrZ:52667225,0.038,0.995,1.785,1.465,2.175,8.80E-09,0.489,0.457,0.52,0.484149793,0.580,0.010,-0.045,0.004,0.000,2,1298
chrZ,52751458,chrZ:52751458,0.021,0.995,2.04,1.688,2.465,1.63E-13,0.477,0.449,0.506,0.121789235,0.713,0.009,-0.091,0.003,0.000,2,1298
chrZ,52810148,chrZ:52810148,0.021,0.986,2.058,1.65,2.568,1.63E-10,0.475,0.449,0.501,0.061853275,0.722,0.013,-0.099,0.003,0.000,2,1298
chrZ,52854076,chrZ:52854076,0.025,0.995,2.184,1.774,2.689,1.80E-13,0.481,0.454,0.507,0.155933082,0.781,0.011,-0.077,0.003,0.000,2,1298
chrZ,52964502,chrZ:52964502,0.034,0.986,1.718,1.372,2.153,2.49E-06,0.478,0.446,0.51,0.183451938,0.541,0.013,-0.087,0.004,0.001,2,1298
chrZ,53035691,chrZ:53035691,0.017,0.995,2.307,1.943,2.74,1.51E-21,0.478,0.455,0.501,0.059303381,0.836,0.008,-0.088,0.002,0.000,2,1298
chrZ,53110872,chrZ:53110872,0.025,0.991,2.063,1.649,2.581,2.29E-10,0.485,0.456,0.513,0.295955357,0.724,0.013,-0.062,0.003,0.001,2,1298
chrZ,53154041,chrZ:53154041,0.021,1.000,2.11,1.757,2.534,1.35E-15,0.487,0.462,0.513,0.326548145,0.747,0.009,-0.050,0.003,0.000,2,1298
chrZ,53213432,chrZ:53213432,0.021,0.991,2.217,1.785,2.754,6.05E-13,0.481,0.455,0.507,0.15251778,0.796,0.012,-0.076,0.003,-0.001,2,1298
chrZ,53283370,chrZ:53283370,0.042,0.982,1.998,1.62,2.463,9.62E-11,0.485,0.453,0.518,0.374431566,0.692,0.011,-0.059,0.004,0.000,2,1298
chrZ,53339048,chrZ:53339048,0.021,0.991,1.94,1.602,2.349,1.18E-11,0.477,0.446,0.508,0.147988787,0.662,0.010,-0.092,0.004,0.000,2,1298
chrZ,53431143,chrZ:53431143,0.029,0.995,1.86,1.511,2.289,4.87E-09,0.477,0.449,0.506,0.118093517,0.620,0.011,-0.090,0.003,0.001,2,1298
chrZ,53486773,chrZ:53486773,0.029,1.000,1.728,1.457,2.048,3.04E-10,0.487,0.448,0.526,0.500037225,0.547,0.008,-0.054,0.006,0.000,2,1298
chrZ,53560872,chrZ:53560872,0.038,0.995,1.993,1.642,2.42,3.26E-12,0.491,0.462,0.52,0.548540614,0.690,0.010,-0.036,0.004,-0.001,2,1298
chrZ,53618711,chrZ:53618711,0.029,1.000,2.122,1.757,2.563,5.86E-15,0.484,0.459,0.51,0.22618328,0.752,0.009,-0.063,0.003,0.000,2,1298
chrZ,53722533,chrZ:53722533,0.025,0.995,2.36,1.94,2.87,8.13E-18,0.481,0.458,0.503,0.096662493,0.858,0.010,-0.077,0.002,0.000,2,1298
chrZ,53802030,chrZ:53802030,0.029,0.995,2.156,1.735,2.68,4.18E-12,0.48,0.45,0.51,0.192745448,0.768,0.012,-0.081,0.004,0.001,2,1298
chrZ,53877928,chrZ:53877928,0.050,0.986,2.072,1.701,2.524,4.79E-13,0.5,0.473,0.528,0.988595048,0.728,0.010,0.001,0.003,-0.001,2,1298
chrZ,53975335,chrZ:53975335,0.025,1.000,2.02,1.691,2.414,9.46E-15,0.484,0.457,0.511,0.256979019,0.703,0.008,-0.063,0.003,0.001,2,1298
chrZ,54105662,chrZ:54105662,0.046,0.995,2.166,1.805,2.599,1.02E-16,0.492,0.466,0.518,0.543091037,0.773,0.009,-0.033,0.003,0.000,2,1298
chrZ,54221572,chrZ:54221572,0.021,1.000,2.147,1.759,2.621,5.73E-14,0.475,0.45,0.501,0.057679902,0.764,0.010,-0.098,0.003,0.001,2,1298
chrZ,54273869,chrZ:54273869,0.038,0.982,2.128,1.716,2.64,6.31E-12,0.484,0.459,0.509,0.211660178,0.755,0.012,-0.064,0.003,0.001,2,1298
chrZ,54337702,chrZ:54337702,0.029,1.000,2.061,1.765,2.407,6.63E-20,0.48,0.453,0.507,0.147157306,0.723,0.006,-0.080,0.003,0.001,2,1298
chrZ,54422831,chrZ:54422831,0.025,0.995,2.021,1.659,2.462,2.82E-12,0.478,0.452,0.505,0.104933051,0.703,0.010,-0.086,0.003,0.000,2,1298
chrZ,54491265,chrZ:54491265,0.025,0.995,2.229,1.856,2.678,1.01E-17,0.482,0.458,0.507,0.153724718,0.802,0.009,-0.071,0.002,0.001,2,1298
chrZ,54631732,chrZ:54631732,0.021,0.995,1.979,1.586,2.469,1.48E-09,0.474,0.446,0.502,0.068112214,0.682,0.013,-0.105,0.003,0.001,2,1298
chrZ,54669768,chrZ:54669768,0.029,0.991,2.157,1.752,2.657,4.61E-13,0.481,0.449,0.512,0.229138969,0.769,0.011,-0.077,0.004,-0.001,2,1298
chrZ,54801490,chrZ:54801490,0.029,1.000,2.298,1.869,2.825,3.03E-15,0.482,0.456,0.508,0.173879455,0.832,0.011,-0.072,0.003,0.001,2,1298
chrZ,54900501,chrZ:54900501,0.042,1.000,1.838,1.552,2.175,1.59E-12,0.5,0.474,0.525,0.988351255,0.608,0.007,-0.001,0.003,0.000,2,1298
chrZ,54941987,chrZ:54941987,0.021,1.000,1.855,1.579,2.18,5.61E-14,0.485,0.454,0.517,0.361154485,0.618,0.007,-0.059,0.004,0.000,2,1298
chrZ,54987437,chrZ:54987437,0.034,1.000,2.013,1.714,2.364,1.52E-17,0.487,0.462,0.512,0.31949143,0.700,0.007,-0.051,0.003,0.000,2,1298
chrZ,55053769,chrZ:55053769,0.042,0.977,2.009,1.626,2.482,9.77E-11,0.487,0.458,0.515,0.357365745,0.698,0.012,-0.053,0.003,0.001,2,1298
chrZ,55089985,chrZ:55089985,0.029,0.986,2.198,1.765,2.737,2.03E-12,0.477,0.448,0.506,0.116235749,0.787,0.013,-0.093,0.003,0.001,2,1298
chrZ,55137589,chrZ:55137589,0.038,1.000,1.956,1.631,2.347,4.98E-13,0.489,0.458,0.52,0.484802676,0.671,0.009,-0.044,0.004,0.001,2,1298
chrZ,55224736,chrZ:55224736,0.029,0.995,2.111,1.765,2.525,2.70E-16,0.488,0.462,0.514,0.356334366,0.747,0.008,-0.049,0.003,0.000,2,1298
chrZ,55276404,chrZ:55276404,0.017,1.000,1.913,1.564,2.341,2.90E-10,0.479,0.448,0.509,0.174306162,0.649,0.011,-0.085,0.004,0.002,2,1298
chrZ,55323463,chrZ:55323463,0.029,1.000,1.551,1.311,1.835,3.07E-07,0.482,0.446,0.519,0.341757847,0.439,0.007,-0.071,0.006,0.001,2,1298
chrZ,55377065,chrZ:55377065,0.046,0.995,1.862,1.561,2.222,5.39E-12,0.496,0.467,0.525,0.766918213,0.622,0.008,-0.018,0.003,0.000,2,1298
chrZ,55418243,chrZ:55418243,0.034,0.995,2.135,1.701,2.68,6.24E-11,0.488,0.461,0.516,0.404035599,0.759,0.013,-0.046,0.003,-0.001,2,1298
chrZ,55579846,chrZ:55579846,0.013,0.986,1.364,1.176,1.583,4.29E-05,0.422,0.389,0.456,7.64E-06,0.311,0.006,-0.315,0.005,0.001,2,1298
chrZ,55646967,chrZ:55646967,0.029,0.977,1.467,1.222,1.761,4.02E-05,0.409,0.37,0.45,1.33E-05,0.383,0.009,-0.367,0.007,0.002,2,1298
chrZ,55852422,chrZ:55852422,0.017,0.995,1.372,1.179,1.597,4.25E-05,0.423,0.385,0.461,9.51E-05,0.316,0.006,-0.312,0.006,0.000,2,1298
chrZ,55999966,chrZ:55999966,0.017,0.964,1.664,1.414,1.958,8.54E-10,0.43,0.397,0.464,5.42E-05,0.509,0.007,-0.282,0.005,0.000,2,1298
chrZ,56099301,chrZ:56099301,0.017,1.000,1.879,1.583,2.231,5.95E-13,0.489,0.462,0.516,0.410727107,0.631,0.008,-0.045,0.003,0.000,2,1298
chrZ,56163063,chrZ:56163063,0.013,0.995,2.06,1.696,2.502,3.20E-13,0.472,0.444,0.5,0.046071548,0.723,0.010,-0.113,0.003,0.000,2,1298
chrZ,56321453,chrZ:56321453,0.021,0.991,1.933,1.636,2.284,9.36E-15,0.46,0.432,0.49,0.007673401,0.659,0.007,-0.158,0.004,0.001,2,1298
chrZ,56472134,chrZ:56472134,0.025,0.977,1.412,1.2,1.661,3.25E-05,0.419,0.378,0.46,0.000130225,0.345,0.007,-0.328,0.007,0.002,2,1298
chrZ,56517555,chrZ:56517555,0.013,0.991,1.272,1.1,1.471,0.001191728,0.419,0.382,0.458,4.06E-05,0.240,0.006,-0.325,0.006,0.001,2,1298
chrZ,56701278,chrZ:56701278,0.017,0.991,1.469,1.289,1.674,7.65E-09,0.424,0.393,0.457,5.50E-06,0.385,0.004,-0.305,0.005,0.001,2,1298
chrZ,56820176,chrZ:56820176,0.017,0.959,1.397,1.16,1.682,0.000414913,0.402,0.362,0.443,3.52E-06,0.334,0.009,-0.398,0.007,-0.001,2,1298
chrZ,57080040,chrZ:57080040,0.013,0.995,1.305,1.117,1.524,0.0007749,0.425,0.391,0.46,3.17E-05,0.266,0.006,-0.302,0.005,0.001,2,1298
chrZ,57197623,chrZ:57197623,0.013,0.991,1.362,1.205,1.539,8.04E-07,0.421,0.388,0.456,8.36E-06,0.309,0.004,-0.317,0.005,0.001,2,1298
chrZ,57304917,chrZ:57304917,0.025,0.991,0.98,0.848,1.133,0.783256538,0.427,0.381,0.474,0.002445215,-0.020,0.005,-0.294,0.009,0.001,2,1298
chrZ,57464883,chrZ:57464883,0.038,0.991,1.117,0.966,1.292,0.134006323,0.44,0.403,0.478,0.001992929,0.111,0.005,-0.240,0.006,0.001,2,1298
chrZ,57541816,chrZ:57541816,0.013,0.991,1.205,1.049,1.384,0.008482704,0.437,0.393,0.482,0.006565172,0.186,0.005,-0.253,0.009,0.001,2,1298
chrZ,57582163,chrZ:57582163,0.034,0.973,1.346,1.172,1.545,2.59E-05,0.416,0.381,0.452,6.65E-06,0.297,0.005,-0.337,0.006,0.000,2,1298
chrZ,57731664,chrZ:57731664,0.013,0.991,1.418,1.241,1.621,3.10E-07,0.417,0.38,0.455,2.53E-05,0.349,0.005,-0.335,0.006,0.001,2,1298
chrZ,57779214,chrZ:57779214,0.013,0.991,1.32,1.146,1.521,0.000123622,0.43,0.395,0.465,0.000102796,0.278,0.005,-0.284,0.005,0.001,2,1298
chrZ,57927255,chrZ:57927255,0.013,0.977,1.318,1.138,1.527,0.000230403,0.411,0.379,0.445,3.28E-07,0.276,0.006,-0.358,0.005,0.000,2,1298
chrZ,64554737,chrZ:64554737,0.029,0.995,0.551,0.494,0.614,4.28E-27,0.458,0.395,0.522,0.200762368,-0.596,0.003,-0.169,0.017,0.001,2,1298
chrZ,64656334,chrZ:64656334,0.046,1.000,0.574,0.511,0.644,5.93E-21,0.472,0.4,0.546,0.456331948,-0.556,0.004,-0.112,0.023,0.002,2,1298
chrZ,64809013,chrZ:64809013,0.025,0.986,0.549,0.499,0.604,6.49E-35,0.429,0.367,0.492,0.028489152,-0.600,0.002,-0.287,0.017,0.000,2,1298
chrZ,64850662,chrZ:64850662,0.034,0.982,0.599,0.53,0.676,1.40E-16,0.419,0.362,0.479,0.007796555,-0.513,0.004,-0.326,0.015,0.001,2,1298
chrZ,64932156,chrZ:64932156,0.025,0.982,0.612,0.541,0.693,6.48E-15,0.438,0.38,0.497,0.041097795,-0.491,0.004,-0.250,0.015,-0.001,2,1298
chrZ,65005392,chrZ:65005392,0.025,0.995,0.571,0.514,0.633,3.81E-26,0.431,0.375,0.488,0.01877476,-0.561,0.003,-0.279,0.014,0.000,2,1298
chrZ,65044488,chrZ:65044488,0.025,0.977,0.592,0.531,0.662,1.39E-20,0.41,0.347,0.475,0.007231333,-0.523,0.003,-0.364,0.018,0.001,2,1298
chrZ,65084232,chrZ:65084232,0.025,0.995,0.633,0.564,0.71,6.63E-15,0.461,0.41,0.512,0.137223979,-0.457,0.003,-0.157,0.011,0.001,2,1298
chrZ,65111654,chrZ:65111654,0.034,0.991,0.625,0.561,0.696,1.50E-17,0.446,0.383,0.511,0.106095217,-0.470,0.003,-0.215,0.018,0.002,2,1298
chrZ,65136301,chrZ:65136301,0.021,1.000,0.609,0.547,0.677,5.98E-20,0.456,0.402,0.511,0.117101999,-0.496,0.003,-0.177,0.013,0.000,2,1298
chrZ,65170988,chrZ:65170988,0.029,0.991,0.614,0.545,0.692,1.02E-15,0.463,0.41,0.517,0.181706873,-0.488,0.004,-0.148,0.012,0.000,2,1298
chrZ,65195835,chrZ:65195835,0.029,0.995,0.564,0.498,0.638,1.22E-19,0.461,0.4,0.522,0.2112092,-0.573,0.004,-0.157,0.016,0.001,2,1298
chrZ,65270009,chrZ:65270009,0.021,0.991,0.633,0.56,0.716,2.41E-13,0.438,0.38,0.499,0.044897338,-0.457,0.004,-0.247,0.015,0.000,2,1298
chrZ,65287315,chrZ:65287315,0.021,1.000,0.615,0.556,0.681,3.92E-21,0.432,0.374,0.491,0.024148755,-0.486,0.003,-0.275,0.015,0.000,2,1298
chrZ,65402591,chrZ:65402591,0.021,0.977,0.608,0.539,0.686,4.20E-16,0.414,0.35,0.48,0.011291456,-0.497,0.004,-0.348,0.019,0.001,2,1298
chrZ,65471633,chrZ:65471633,0.029,0.995,0.604,0.55,0.665,3.07E-25,0.461,0.404,0.518,0.178147643,-0.503,0.002,-0.158,0.014,0.000,2,1298
chrZ,65543267,chrZ:65543267,0.021,0.973,0.639,0.564,0.723,1.58E-12,0.403,0.34,0.47,0.004469045,-0.448,0.004,-0.392,0.019,0.002,2,1298
chrZ,65616666,chrZ:65616666,0.025,0.968,0.651,0.569,0.746,5.71E-10,0.4,0.344,0.459,0.000971189,-0.428,0.005,-0.404,0.015,0.001,2,1298
chrZ,65747901,chrZ:65747901,0.034,0.986,0.619,0.554,0.692,3.68E-17,0.448,0.388,0.509,0.09686396,-0.479,0.003,-0.208,0.016,0.001,2,1298
chrZ,65805978,chrZ:65805978,0.021,0.986,0.602,0.54,0.672,6.99E-20,0.433,0.376,0.492,0.027106941,-0.507,0.003,-0.268,0.015,0.002,2,1298
chrZ,65937585,chrZ:65937585,0.034,0.986,0.69,0.618,0.771,4.40E-11,0.454,0.394,0.514,0.134898235,-0.370,0.003,-0.186,0.015,-0.001,2,1298
chrZ,65996873,chrZ:65996873,0.038,0.991,0.661,0.583,0.751,1.75E-10,0.468,0.403,0.535,0.348626768,-0.413,0.004,-0.127,0.018,0.002,2,1298
chrZ,66179752,chrZ:66179752,0.017,0.982,0.704,0.623,0.796,2.01E-08,0.425,0.365,0.488,0.019430785,-0.351,0.004,-0.302,0.017,-0.001,2,1298
chrZ,66351254,chrZ:66351254,0.059,0.995,0.678,0.6,0.766,4.68E-10,0.52,0.463,0.576,0.49205785,-0.388,0.004,0.080,0.013,0.001,2,1298
chrZ,66602773,chrZ:66602773,0.017,0.986,0.719,0.631,0.819,6.85E-07,0.448,0.394,0.503,0.063474656,-0.330,0.004,-0.209,0.013,0.000,2,1298
chrZ,66840336,chrZ:66840336,0.021,0.977,0.814,0.729,0.908,0.00023806,0.4,0.358,0.443,6.21E-06,-0.206,0.003,-0.407,0.008,0.000,2,1298
chrZ,66893572,chrZ:66893572,0.021,0.982,0.825,0.736,0.924,0.000933793,0.411,0.364,0.461,0.000484229,-0.193,0.003,-0.358,0.011,0.001,2,1298
chrZ,66978115,chrZ:66978115,0.017,0.991,0.843,0.745,0.954,0.0069248,0.41,0.361,0.461,0.000628425,-0.170,0.004,-0.362,0.011,-0.001,2,1298
chrZ,67075474,chrZ:67075474,0.025,0.986,0.796,0.709,0.894,0.000110019,0.412,0.365,0.462,0.000521343,-0.228,0.003,-0.354,0.010,0.000,2,1298
chrZ,67213464,chrZ:67213464,0.025,0.991,0.806,0.707,0.919,0.001311011,0.414,0.358,0.473,0.004252798,-0.215,0.004,-0.347,0.015,0.002,2,1298
chrZ,67428254,chrZ:67428254,0.013,0.973,0.947,0.819,1.095,0.460406779,0.355,0.31,0.404,1.21E-08,-0.055,0.006,-0.595,0.011,0.002,2,1298
chrZ,67498406,chrZ:67498406,0.004,0.977,0.499,0.399,0.624,1.13E-09,1,1,1,2.14E-71,-0.695,0.013,8.695,0.237,-0.047,2,1298
chrZ,67631446,chrZ:67631446,0.059,0.995,0.974,0.867,1.094,0.657931066,0.38,0.341,0.42,9.00E-09,-0.026,0.004,-0.490,0.007,0.001,2,1298
chrZ,67707777,chrZ:67707777,0.004,0.982,0.384,0.335,0.442,1.88E-41,0.985,0.977,0.991,2.82E-70,-0.956,0.005,4.217,0.057,-0.011,2,1298
chrZ,67742935,chrZ:67742935,0.038,0.982,0.431,0.374,0.496,9.54E-32,0.985,0.976,0.991,4.70E-66,-0.842,0.005,4.185,0.059,-0.010,2,1298
chrZ,67885756,chrZ:67885756,0.008,1.000,0.389,0.342,0.441,1.17E-48,0.957,0.932,0.972,1.44E-38,-0.945,0.004,3.091,0.057,-0.010,2,1298
chrZ,67960429,chrZ:67960429,0.013,1.000,0.848,0.758,0.948,0.003772998,0.359,0.307,0.413,7.94E-07,-0.165,0.003,-0.582,0.014,0.001,2,1298
chrZ,68046380,chrZ:68046380,0.017,1.000,0.974,0.862,1.1,0.671815104,0.382,0.345,0.42,3.74E-09,-0.026,0.004,-0.482,0.007,0.000,2,1298
chrZ,68111624,chrZ:68111624,0.029,0.977,0.677,0.594,0.771,4.36E-09,0.434,0.374,0.497,0.038983708,-0.390,0.004,-0.264,0.016,0.000,2,1298
chrZ,68182712,chrZ:68182712,0.013,1.000,1.005,0.888,1.138,0.93239798,0.372,0.329,0.418,1.02E-07,0.005,0.004,-0.522,0.010,0.002,2,1298
chrZ,68299725,chrZ:68299725,0.021,0.991,0.966,0.83,1.125,0.658730381,0.376,0.335,0.419,3.18E-08,-0.034,0.006,-0.506,0.008,0.001,2,1298
chrZ,68370144,chrZ:68370144,0.017,0.986,1.026,0.897,1.174,0.703868276,0.347,0.309,0.387,7.45E-13,0.026,0.005,-0.634,0.008,0.000,2,1298
chrZ,68457466,chrZ:68457466,0.025,0.991,0.965,0.842,1.106,0.607349202,0.358,0.308,0.41,2.89E-07,-0.036,0.005,-0.586,0.013,0.001,2,1298
chrZ,68506747,chrZ:68506747,0.025,0.991,0.979,0.871,1.1,0.717822082,0.355,0.314,0.399,2.88E-10,-0.022,0.004,-0.597,0.009,0.000,2,1298
chrZ,68610837,chrZ:68610837,0.017,0.986,1.059,0.914,1.227,0.446165715,0.349,0.309,0.391,2.00E-11,0.057,0.006,-0.624,0.009,0.001,2,1298
chrZ,68754919,chrZ:68754919,0.029,0.995,0.787,0.706,0.877,1.38E-05,0.442,0.391,0.494,0.029227111,-0.240,0.003,-0.234,0.012,0.000,2,1298
chrZ,68790053,chrZ:68790053,0.021,0.986,1.014,0.894,1.15,0.829187061,0.388,0.344,0.434,3.19E-06,0.014,0.004,-0.455,0.010,0.001,2,1298
chrZ,68894392,chrZ:68894392,0.021,0.982,1.181,1.026,1.359,0.020140565,0.404,0.364,0.445,6.42E-06,0.167,0.005,-0.389,0.007,0.001,2,1298
chrZ,69062679,chrZ:69062679,0.017,0.991,1.309,1.147,1.495,6.97E-05,0.403,0.369,0.438,9.34E-08,0.270,0.005,-0.393,0.005,0.001,2,1298
chrZ,69112887,chrZ:69112887,0.017,0.977,1.296,1.148,1.463,2.70E-05,0.388,0.351,0.425,9.78E-09,0.259,0.004,-0.456,0.006,0.001,2,1298
chrZ,69174373,chrZ:69174373,0.013,0.982,1.3,1.124,1.505,0.000424238,0.42,0.38,0.461,0.000134398,0.263,0.006,-0.324,0.007,0.001,2,1298
chrZ,69277105,chrZ:69277105,0.017,0.964,1.284,1.102,1.495,0.001367182,0.41,0.369,0.453,4.25E-05,0.250,0.006,-0.364,0.008,0.000,2,1298
chrZ,69344435,chrZ:69344435,0.013,0.977,1.331,1.147,1.545,0.000169352,0.421,0.389,0.453,1.80E-06,0.286,0.006,-0.321,0.005,0.001,2,1298
chrZ,69425865,chrZ:69425865,0.017,0.995,1.276,1.113,1.463,0.000483874,0.437,0.401,0.475,0.001131884,0.243,0.005,-0.252,0.006,0.000,2,1298
chrZ,69504460,chrZ:69504460,0.013,0.973,1.503,1.248,1.811,1.79E-05,0.419,0.378,0.461,0.000151453,0.407,0.009,-0.328,0.007,-0.001,2,1298
chrZ,69589642,chrZ:69589642,0.029,0.995,1.323,1.149,1.523,9.63E-05,0.438,0.406,0.471,0.000204208,0.280,0.005,-0.249,0.004,0.000,2,1298
chrZ,69680741,chrZ:69680741,0.013,0.977,1.496,1.267,1.768,2.09E-06,0.426,0.395,0.457,3.27E-06,0.403,0.007,-0.299,0.004,0.001,2,1298
chrZ,69729835,chrZ:69729835,0.017,0.964,1.535,1.312,1.796,8.66E-08,0.414,0.38,0.448,7.68E-07,0.429,0.006,-0.349,0.005,0.000,2,1298
chrZ,69829959,chrZ:69829959,0.017,1.000,0.937,0.836,1.05,0.265506556,0.446,0.398,0.496,0.032561092,-0.065,0.003,-0.216,0.010,0.002,2,1298
chrZ,69923436,chrZ:69923436,0.034,0.977,1.325,1.142,1.537,0.000209646,0.441,0.402,0.48,0.003443924,0.281,0.006,-0.237,0.007,0.000,2,1298
chrZ,69969249,chrZ:69969249,0.013,0.982,1.374,1.191,1.585,1.37E-05,0.409,0.373,0.446,2.05E-06,0.318,0.005,-0.367,0.006,0.001,2,1298
chrZ,70681129,chrZ:70681129,0.025,0.986,0.692,0.627,0.763,1.60E-13,0.462,0.408,0.517,0.177069806,-0.369,0.002,-0.152,0.013,0.000,2,1298
chrZ,70899850,chrZ:70899850,0.034,0.991,0.685,0.605,0.776,2.88E-09,0.498,0.442,0.554,0.945665612,-0.378,0.004,-0.008,0.013,0.000,2,1298