order,group,FID,distance,N,auto.2N,chrZ.2N,color.N,mean.H3,chr2.21436921,chr2.21467694,chr2.21479975,chr8.3094115,chr8.3144828,chr8.3160776,chr8.21725254,chr8.21725322,chr8.21738547,chrZ.67480260,chrZ.67547840,chrZ.67589392,HybridIndex
1,allopatric acuticauda,01.BR,0,5,10,7,0,NA,10,6,0,10,10,9,5,7,6,0,7,7,1.000
2,allopatric acuticauda,02.MH,304.3,31,62,53,88,531.77,45,43,0,62,62,62,49,51,50,0,53,53,1.000
3,allopatric acuticauda,03.EL,470.49,26,52,41,12,533.4,22,22,0,50,52,52,35,40,38,1,41,41,1.000
4,allopatric acuticauda,04.NL,508.94,32,64,55,46,526.07,30,24,0,63,64,63,41,46,47,1,55,55,1.000
5,allopatric acuticauda,05.SV,541.08,25,50,37,25,542.52,26,25,0,49,50,49,42,47,42,2,37,36,0.973
6,allopatric acuticauda,06.HV,549.41,4,8,5,0,NA,4,3,0,8,8,8,7,7,7,0,5,5,1.000
7,allopatric acuticauda,07.EQ.DD,563.3,28,56,44,0,NA,28,34,1,56,56,55,39,48,44,3,44,43,0.932
8,hybrid zone,08.WN.KRR,576.86,55,110,84,76,529.82,53,59,0,110,110,110,89,97,95,25,84,81,0.845
9,hybrid zone,09.WN.CD,583.06,36,72,52,0,NA,40,37,0,71,72,71,60,63,61,16,50,46,0.827
10,hybrid zone,10.CI,603.88,60,120,92,0,NA,59,66,2,119,120,117,97,102,103,29,92,83,0.815
11,hybrid zone,11.FT,618.3,80,160,141,0,NA,93,89,1,157,158,157,144,147,148,47,137,127,0.709
12,hybrid zone,12.AQ,628.23,57,114,93,0,NA,72,73,0,111,113,113,104,106,104,29,92,89,0.710
13,hybrid zone,13.KA,629.62,17,34,24,0,NA,17,18,0,34,33,33,32,32,32,7,24,24,0.625
14,hybrid zone,14.BH,633.79,59,118,100,0,NA,66,63,0,116,118,114,104,107,101,35,99,91,0.660
15,hybrid zone,15.KU,639.87,5,10,7,0,NA,6,6,0,10,10,10,8,9,9,6,7,6,0.143
16,hybrid zone,16.LA,641.69,42,84,71,0,NA,49,48,0,84,84,84,73,72,75,32,71,59,0.465
17,hybrid zone,17.SP,646.92,70,140,115,67,540.33,71,84,0,140,138,137,130,130,134,53,115,103,0.513
18,hybrid zone,18.NW,677.89,30,60,49,15,533.87,22,31,0,60,59,60,57,57,57,32,49,36,0.306
19,hybrid zone,19.KR,672.45,50,100,76,0,NA,53,51,0,98,100,96,88,89,90,61,75,60,0.289
20,color-admixed hecki,20.AG,803.05,40,80,62,93,540.85,17,17,4,73,52,68,71,73,75,57,59,36,0.000
21,color-admixed hecki,21.CO,858.05,23,46,38,68,543.91,8,9,6,40,28,28,36,39,40,37,38,25,0.000
22,color-admixed hecki,22.KS,869.8,15,30,22,18,550.17,5,6,5,22,16,16,23,25,24,17,19,12,0.000
23,color-admixed hecki,23.MO,927.57,9,18,14,6,540.67,2,2,2,14,9,10,13,15,17,14,14,6,0.000
24,color-admixed hecki,24.WR,946.15,20,40,31,33,562.15,8,5,7,35,16,28,27,28,29,26,29,11,0.000
25,color-admixed hecki,25.ST,966.23,26,52,36,66,564.2,5,2,14,40,22,25,40,43,42,30,32,17,0.000
26,color-admixed hecki,26.TP,881.97,25,50,40,56,579.36,5,3,43,40,8,22,31,35,36,38,36,27,0.000
27,color-admixed hecki,27.KP,906.21,3,6,4,0,NA,0,0,6,4,2,2,4,5,4,3,4,3,0.000
28,allopatric hecki,28.MY,1138.57,15,30,26,27,582.44,7,0,18,10,2,6,11,13,11,3,0,0,0.000
29,allopatric hecki,29.PR,1241.28,3,6,4,0,NA,0,0,2,4,2,1,2,1,1,0,0,0,0.000
30,allopatric hecki,30.OC,1294.23,43,86,72,27,581.63,5,0,52,13,3,11,5,13,7,2,0,0,0.000
31,allopatric hecki,31.LS,1376.33,3,6,6,0,NA,0,0,3,0,1,1,1,1,1,0,0,0,0.000
32,allopatric hecki,32.MA,1401.95,13,26,17,32,585.5,1,0,11,6,2,4,5,7,6,0,0,0,0.000
33,allopatric hecki,33.CH,1783.76,20,40,34,70,587.17,5,0,4,8,1,6,4,4,4,1,0,0,0.000
34,allopatric hecki,34.LH,1814.7,14,28,22,0,NA,2,0,2,6,0,3,1,5,4,0,0,0,0.000