Source,IID,FID,h_posterior_mode,h_cred_int_lower,h_cred_int_upper,beta_mean,beta_var,beta_shape1,beta_shape2
S0,BR01,01.BR,0.000,0.000,0.006,0.001,2.53E-06,0.65,507.11
S0,BR02,01.BR,0.001,0.000,0.019,0.006,2.54E-05,1.31,224.25
S0,BR03,01.BR,0.000,0.000,0.007,0.002,3.45E-06,0.78,472.86
S0,BR04,01.BR,0.000,0.000,0.006,0.002,2.82E-06,0.81,534.25
S0,BR05,01.BR,0.000,0.000,0.002,0.000,3.97E-07,0.60,1222.04
S0,G0122,02.MH,0.000,0.000,0.002,0.000,4.15E-07,0.30,849.11
S0,G0132,02.MH,0.000,0.000,0.002,0.000,4.67E-07,0.49,1017.62
S0,G0153,02.MH,0.000,0.000,0.003,0.001,7.00E-07,0.91,1139.18
S0,G0185,02.MH,0.023,0.013,0.040,0.025,5.03E-05,11.82,466.38
S0,G0193,02.MH,0.000,0.000,0.004,0.001,1.13E-06,1.06,967.63
S0,G0206,02.MH,0.016,0.007,0.037,0.019,5.97E-05,6.19,312.17
S0,G0248,02.MH,0.000,0.000,0.007,0.002,3.39E-06,0.79,482.48
S0,G0264,02.MH,0.000,0.000,0.002,0.000,3.05E-07,0.64,1451.71
S0,G0300,02.MH,0.000,0.000,0.004,0.001,1.30E-06,0.71,738.84
S0,G0774,02.MH,0.000,0.000,0.003,0.001,5.11E-07,0.52,1006.01
S0,G101,02.MH,0.001,0.000,0.014,0.004,1.46E-05,1.19,283.53
S0,G107,02.MH,0.000,0.000,0.003,0.001,4.81E-07,0.82,1299.24
S0,G111,02.MH,0.000,0.000,0.002,0.000,2.05E-07,0.56,1658.55
S0,G115,02.MH,0.000,0.000,0.007,0.002,3.94E-06,0.97,492.75
S0,G118,02.MH,0.000,0.000,0.003,0.001,5.51E-07,0.75,1167.54
S0,G131,02.MH,0.007,0.002,0.033,0.013,6.64E-05,2.37,185.00
S0,G133,02.MH,0.000,0.000,0.004,0.001,9.77E-07,0.73,864.09
S0,G163,02.MH,0.000,0.000,0.004,0.001,1.19E-06,0.23,435.83
S0,G169,02.MH,0.000,0.000,0.002,0.000,3.10E-07,0.77,1575.61
S0,G183,02.MH,0.000,0.000,0.001,0.000,1.52E-07,0.39,1609.54
S0,MH01,02.MH,0.000,0.000,0.007,0.002,4.18E-06,0.88,457.18
S0,MH02,02.MH,0.000,0.000,0.002,0.001,4.63E-07,0.60,1136.30
S0,MH03,02.MH,0.003,0.001,0.022,0.008,3.30E-05,1.72,224.92
S0,MH04,02.MH,0.000,0.000,0.002,0.001,3.08E-07,0.89,1699.30
S0,MH05,02.MH,0.000,0.000,0.002,0.001,2.86E-07,1.48,2268.30
S0,MH06,02.MH,0.000,0.000,0.006,0.001,2.49E-06,0.67,516.29
S0,MH07,02.MH,0.010,0.004,0.031,0.014,4.95E-05,3.74,268.96
S0,MH08,02.MH,0.000,0.000,0.002,0.001,3.46E-07,1.35,1971.22
S0,MH09,02.MH,0.010,0.004,0.031,0.014,5.25E-05,3.75,260.95
S0,MH10,02.MH,0.000,0.000,0.003,0.001,5.43E-07,0.71,1145.63
S0,W2703,02.MH,0.000,0.000,0.003,0.001,5.57E-07,0.53,972.66
S0,EB01,03.EL,0.000,0.000,0.004,0.001,1.16E-06,0.58,703.62
S0,EB02,03.EL,0.000,0.000,0.002,0.001,4.13E-07,0.92,1489.97
S0,EB03,03.EL,0.000,0.000,0.010,0.003,7.43E-06,1.01,367.30
S0,EB04,03.EL,0.000,0.000,0.002,0.001,4.56E-07,0.66,1201.74
S0,EB05,03.EL,0.000,0.000,0.003,0.000,5.61E-07,0.40,837.34
S0,EB06,03.EL,0.000,0.000,0.002,0.001,4.51E-07,0.88,1392.62
S0,EB07,03.EL,0.000,0.000,0.001,0.000,1.65E-07,0.29,1319.08
S0,EB08,03.EL,0.000,0.000,0.010,0.002,7.82E-06,0.75,307.10
S0,EB09,03.EL,0.000,0.000,0.002,0.001,4.43E-07,0.87,1394.81
S0,EB10,03.EL,0.000,0.000,0.003,0.001,6.32E-07,0.54,924.65
S0,EB11,03.EL,0.000,0.000,0.004,0.001,1.07E-06,0.50,684.10
S0,EB12,03.EL,0.000,0.000,0.002,0.001,3.67E-07,1.06,1699.85
S0,EB13,03.EL,0.000,0.000,0.003,0.001,6.24E-07,0.60,975.42
S0,EB14,03.EL,0.000,0.000,0.004,0.001,1.05E-06,0.77,853.21
S0,EB15,03.EL,0.043,0.030,0.062,0.045,6.33E-05,30.18,644.35
S0,EB16,03.EL,0.000,0.000,0.004,0.001,1.07E-06,0.81,869.86
S0,EL01,03.EL,0.000,0.000,0.003,0.001,6.79E-07,0.57,914.79
S0,EL02,03.EL,0.000,0.000,0.003,0.001,5.28E-07,0.77,1209.67
S0,EL03,03.EL,0.000,0.000,0.003,0.001,6.07E-07,0.60,996.50
S0,EL04,03.EL,0.000,0.000,0.005,0.002,2.10E-06,1.18,747.75
S0,EL05,03.EL,0.000,0.000,0.002,0.000,4.85E-07,0.46,967.72
S0,EL06,03.EL,0.000,0.000,0.004,0.001,1.10E-06,0.69,792.05
S0,EL07,03.EL,0.000,0.000,0.004,0.001,1.26E-06,0.69,738.81
S0,EL08,03.EL,0.000,0.000,0.004,0.001,1.55E-06,0.41,510.32
S0,EL09,03.EL,0.000,0.000,0.002,0.001,4.32E-07,0.70,1274.69
S0,EL10,03.EL,0.000,0.000,0.002,0.000,3.18E-07,0.59,1359.80
S0,G250,04.NL,0.000,0.000,0.003,0.001,5.35E-07,0.60,1056.64
S0,G276,04.NL,0.000,0.000,0.002,0.001,4.05E-07,0.77,1375.81
S0,G294,04.NL,0.000,0.000,0.002,0.000,2.39E-07,0.26,1033.96
S0,NL01,04.NL,0.000,0.000,0.005,0.001,2.04E-06,0.69,580.08
S0,NL02,04.NL,0.033,0.022,0.050,0.035,5.22E-05,22.35,619.93
S0,NL03,04.NL,0.102,0.085,0.123,0.103,9.29E-05,102.19,890.68
S0,NL04,04.NL,0.000,0.000,0.004,0.001,9.65E-07,0.74,876.66
S0,NL05,04.NL,0.072,0.056,0.091,0.073,8.04E-05,61.01,777.02
S0,NL07,04.NL,0.000,0.000,0.004,0.001,1.29E-06,0.86,814.96
S0,NL08,04.NL,0.000,0.000,0.004,0.001,1.05E-06,0.65,784.24
S0,NL09,04.NL,0.000,0.000,0.005,0.001,1.54E-06,0.78,710.94
S0,NL10,04.NL,0.043,0.030,0.061,0.044,6.18E-05,30.35,654.40
S0,NL12,04.NL,0.028,0.018,0.042,0.029,3.63E-05,22.50,752.21
S0,NL13,04.NL,0.000,0.000,0.009,0.002,5.65E-06,0.94,405.11
S0,NL14,04.NL,0.000,0.000,0.002,0.000,3.21E-07,0.71,1482.37
S0,NL15,04.NL,0.000,0.000,0.003,0.001,8.75E-07,0.42,694.18
S0,NL16,04.NL,0.000,0.000,0.003,0.000,7.34E-07,0.33,673.68
S0,NL17,04.NL,0.000,0.000,0.004,0.001,1.22E-06,0.53,657.72
S0,NL18,04.NL,0.000,0.000,0.003,0.001,9.15E-07,0.38,642.41
S0,NL19,04.NL,0.116,0.096,0.139,0.117,0.000118795,101.18,765.67
S0,NL20,04.NL,0.023,0.013,0.040,0.025,4.63E-05,13.19,513.58
S0,NL21,04.NL,0.046,0.034,0.064,0.048,5.96E-05,36.13,723.36
S0,NL38,04.NL,0.000,0.000,0.006,0.001,2.99E-06,0.44,383.41
S0,NL41,04.NL,0.000,0.000,0.002,0.000,4.48E-07,0.49,1044.80
S0,NL42,04.NL,0.145,0.126,0.166,0.145,0.000107398,167.84,987.41
S0,NL51,04.NL,0.002,0.001,0.017,0.006,1.98E-05,1.72,291.77
S0,NL54,04.NL,0.000,0.000,0.014,0.004,1.44E-05,0.92,251.09
S0,NL59,04.NL,0.000,0.000,0.010,0.002,7.49E-06,0.70,303.95
S0,NL62,04.NL,0.000,0.000,0.002,0.000,3.73E-07,0.53,1186.76
S0,NL63,04.NL,0.000,0.000,0.003,0.001,7.72E-07,0.39,712.15
S0,NL64,04.NL,0.000,0.000,0.002,0.000,2.07E-07,0.51,1571.87
S0,W2994,04.NL,0.000,0.000,0.002,0.001,2.89E-07,0.94,1803.74
S0,SV01,05.SV,0.001,0.000,0.013,0.004,1.23E-05,1.28,320.21
S0,SV02,05.SV,0.000,0.000,0.015,0.004,1.67E-05,0.75,210.69
S0,SV03,05.SV,0.000,0.000,0.013,0.004,1.30E-05,0.97,270.76
S0,SV04,05.SV,0.167,0.148,0.188,0.168,0.000106351,220.13,1091.83
S0,SV05,05.SV,0.000,0.000,0.010,0.003,7.31E-06,1.01,370.20
S0,SV06,05.SV,0.000,0.000,0.015,0.004,1.63E-05,0.83,224.11
S0,SV07,05.SV,0.000,0.000,0.010,0.003,8.17E-06,0.90,329.91
S0,SV08,05.SV,0.000,0.000,0.011,0.003,8.10E-06,1.12,370.05
S0,SV09,05.SV,0.000,0.000,0.003,0.001,7.33E-07,0.49,813.61
S0,SV10,05.SV,0.000,0.000,0.002,0.001,4.55E-07,0.89,1393.21
S0,SV11,05.SV,0.000,0.000,0.005,0.001,2.11E-06,0.69,570.79
S0,SV12,05.SV,0.035,0.023,0.054,0.037,6.59E-05,19.86,518.33
S0,SV13,05.SV,0.000,0.000,0.002,0.000,2.02E-07,0.34,1301.46
S0,SV14,05.SV,0.000,0.000,0.008,0.002,4.39E-06,0.70,397.77
S0,SV15,05.SV,0.000,0.000,0.004,0.001,1.27E-06,0.76,768.81
S0,SV16,05.SV,0.000,0.000,0.002,0.000,3.29E-07,0.75,1510.15
S0,SV17,05.SV,0.414,0.386,0.443,0.414,0.000213762,469.78,664.33
S0,SV18,05.SV,0.000,0.000,0.005,0.001,1.88E-06,0.89,686.15
S0,SV19,05.SV,0.000,0.000,0.007,0.002,4.08E-06,0.96,483.40
S0,SV20,05.SV,0.001,0.000,0.011,0.003,8.66E-06,1.28,381.97
S0,SV21,05.SV,0.000,0.000,0.012,0.003,1.02E-05,0.75,269.84
S0,SV22,05.SV,0.000,0.000,0.002,0.001,4.78E-07,0.70,1210.51
S0,SV23,05.SV,0.000,0.000,0.002,0.000,4.64E-07,0.35,871.90
S0,SV24,05.SV,0.000,0.000,0.003,0.001,6.34E-07,0.47,857.21
S0,SV25,05.SV,0.000,0.000,0.004,0.001,1.17E-06,0.76,806.61
TEST,HV01,06.HV,0.000,0.000,0.004,0.001,1.12E-06,0.66,767.82
TEST,HV02,06.HV,0.000,0.000,0.009,0.002,6.25E-06,0.73,340.91
TEST,HV03,06.HV,0.041,0.029,0.058,0.042,5.77E-05,29.68,671.60
TEST,HV04,06.HV,0.006,0.001,0.028,0.011,5.06E-05,2.19,204.47
TEST,DD01,07.EQ.DD,0.000,0.000,0.007,0.002,3.33E-06,0.91,520.72
TEST,EQ01,07.EQ.DD,0.036,0.024,0.053,0.037,5.52E-05,23.83,620.25
TEST,EQ02,07.EQ.DD,0.000,0.000,0.004,0.001,1.09E-06,0.41,611.22
TEST,EQ03,07.EQ.DD,0.000,0.000,0.002,0.000,2.87E-07,0.77,1634.33
TEST,EQ04,07.EQ.DD,0.000,0.000,0.002,0.001,4.29E-07,0.75,1322.30
TEST,EQ05,07.EQ.DD,0.000,0.000,0.005,0.001,2.18E-06,0.63,536.08
TEST,EQ06,07.EQ.DD,0.000,0.000,0.002,0.001,4.53E-07,0.57,1121.80
TEST,EQ07,07.EQ.DD,0.000,0.000,0.002,0.001,4.50E-07,0.66,1207.38
TEST,EQ08,07.EQ.DD,0.000,0.000,0.005,0.001,1.84E-06,0.50,521.44
TEST,EQ09,07.EQ.DD,0.000,0.000,0.002,0.001,4.66E-07,0.83,1335.75
TEST,EQ10,07.EQ.DD,0.454,0.426,0.482,0.454,0.000207352,542.05,652.35
TEST,EQ11,07.EQ.DD,0.017,0.007,0.041,0.020,8.00E-05,5.11,244.49
TEST,EQ12,07.EQ.DD,0.765,0.737,0.791,0.765,0.000188356,729.94,224.81
TEST,EQ13,07.EQ.DD,0.000,0.000,0.003,0.001,6.45E-07,0.51,891.14
TEST,EQ14,07.EQ.DD,0.002,0.000,0.014,0.005,1.41E-05,1.60,334.57
TEST,EQ15,07.EQ.DD,0.000,0.000,0.006,0.001,2.71E-06,0.72,513.28
TEST,EQ16,07.EQ.DD,0.000,0.000,0.004,0.001,1.03E-06,1.35,1137.66
TEST,EQ17,07.EQ.DD,0.052,0.036,0.074,0.053,9.71E-05,27.71,491.47
TEST,EQ18,07.EQ.DD,0.741,0.715,0.766,0.741,0.000168327,844.33,295.46
TEST,EQ19,07.EQ.DD,0.007,0.003,0.020,0.009,1.96E-05,4.48,471.23
TEST,EQ20,07.EQ.DD,0.009,0.004,0.024,0.012,2.79E-05,4.68,401.90
TEST,EQ21,07.EQ.DD,0.000,0.000,0.003,0.001,7.23E-07,0.39,735.87
TEST,EQ22,07.EQ.DD,0.021,0.012,0.035,0.022,3.46E-05,13.77,609.85
TEST,EQ23,07.EQ.DD,0.009,0.003,0.029,0.013,4.59E-05,3.41,266.92
TEST,EQ24,07.EQ.DD,0.000,0.000,0.003,0.001,7.91E-07,0.51,804.84
TEST,EQ25,07.EQ.DD,0.026,0.016,0.043,0.028,4.62E-05,16.51,572.37
TEST,EQ26,07.EQ.DD,0.000,0.000,0.003,0.001,5.47E-07,0.58,1030.34
TEST,EQ27,07.EQ.DD,0.009,0.004,0.023,0.011,2.45E-05,5.02,444.49
TEST,45438,08.WN.KRR,0.446,0.419,0.474,0.446,0.000190522,578.62,717.50
TEST,61109,08.WN.KRR,0.004,0.002,0.013,0.006,8.30E-06,4.00,687.47
TEST,61111,08.WN.KRR,0.003,0.001,0.008,0.004,3.54E-06,4.10,1070.25
TEST,61126,08.WN.KRR,0.055,0.040,0.073,0.056,7.20E-05,40.73,689.79
TEST,61127,08.WN.KRR,0.002,0.000,0.014,0.005,1.41E-05,1.52,325.70
TEST,61128,08.WN.KRR,0.002,0.001,0.007,0.003,2.89E-06,3.68,1123.20
TEST,61130,08.WN.KRR,0.583,0.554,0.611,0.582,0.000210608,671.99,481.80
TEST,61131,08.WN.KRR,0.048,0.035,0.066,0.049,6.20E-05,37.26,717.92
TEST,61132,08.WN.KRR,0.242,0.219,0.268,0.243,0.000155648,286.30,893.47
TEST,61137,08.WN.KRR,0.000,0.000,0.005,0.001,2.24E-06,0.92,638.41
TEST,61138,08.WN.KRR,0.025,0.015,0.040,0.026,3.82E-05,17.38,647.44
TEST,61147,08.WN.KRR,0.154,0.134,0.176,0.154,0.000115691,174.04,953.35
TEST,61157,08.WN.KRR,0.000,0.000,0.004,0.001,1.42E-06,0.82,759.54
TEST,61161,08.WN.KRR,0.536,0.504,0.567,0.536,0.000253699,524.65,454.75
TEST,61175,08.WN.KRR,0.176,0.152,0.202,0.176,0.000167394,152.71,713.67
TEST,61184,08.WN.KRR,0.002,0.001,0.009,0.004,5.16E-06,2.68,715.97
TEST,61185,08.WN.KRR,0.058,0.043,0.077,0.059,7.58E-05,43.06,687.73
TEST,61196,08.WN.KRR,0.078,0.061,0.100,0.079,9.63E-05,59.94,696.39
TEST,61316,08.WN.KRR,0.463,0.434,0.492,0.463,0.000221575,518.60,602.38
TEST,61317,08.WN.KRR,0.053,0.038,0.073,0.054,8.28E-05,33.65,585.77
TEST,61329,08.WN.KRR,0.415,0.385,0.445,0.415,0.000229038,439.07,619.69
TEST,61338,08.WN.KRR,0.025,0.014,0.043,0.027,5.64E-05,12.48,451.25
TEST,61345,08.WN.KRR,0.029,0.014,0.057,0.032,0.000121652,8.29,247.98
TEST,61351,08.WN.KRR,0.040,0.027,0.059,0.042,6.59E-05,25.12,578.75
TEST,61374,08.WN.KRR,0.009,0.003,0.027,0.012,3.90E-05,3.72,302.87
TEST,61527,08.WN.KRR,0.174,0.152,0.198,0.174,0.000138981,180.25,854.11
TEST,61538,08.WN.KRR,0.023,0.012,0.044,0.026,6.84E-05,9.48,357.48
TEST,61701,08.WN.KRR,0.420,0.395,0.445,0.420,0.000158177,646.18,892.76
TEST,61739,08.WN.KRR,0.071,0.056,0.091,0.072,7.93E-05,61.16,784.24
TEST,61772,08.WN.KRR,0.000,0.000,0.003,0.001,5.90E-07,0.64,1042.64
TEST,61794,08.WN.KRR,0.007,0.002,0.022,0.010,2.64E-05,3.40,353.19
TEST,61851,08.WN.KRR,0.000,0.000,0.009,0.002,6.51E-06,0.56,292.30
TEST,61894,08.WN.KRR,0.749,0.724,0.772,0.748,0.000150543,935.47,314.66
TEST,61933,08.WN.KRR,0.013,0.006,0.032,0.016,4.60E-05,5.62,340.37
TEST,69162,08.WN.KRR,0.314,0.287,0.343,0.315,0.000202526,334.86,729.08
TEST,69535,08.WN.KRR,0.046,0.034,0.064,0.048,5.87E-05,36.54,732.63
TEST,69548,08.WN.KRR,0.029,0.018,0.047,0.031,5.55E-05,16.96,526.77
TEST,69701,08.WN.KRR,0.194,0.172,0.217,0.194,0.000131036,231.43,961.14
TEST,69702,08.WN.KRR,0.039,0.027,0.057,0.041,6.23E-05,25.38,599.37
TEST,MF20,08.WN.KRR,0.000,0.000,0.002,0.000,3.62E-07,0.62,1307.46
TEST,WN63,08.WN.KRR,0.178,0.157,0.200,0.178,0.000115878,224.64,1037.19
TEST,WN64,08.WN.KRR,0.000,0.000,0.010,0.002,7.77E-06,0.69,296.26
TEST,WN65,08.WN.KRR,0.029,0.017,0.050,0.032,7.26E-05,13.24,406.41
TEST,WN66,08.WN.KRR,0.841,0.814,0.864,0.840,0.000159461,707.68,135.00
TEST,WN68,08.WN.KRR,0.000,0.000,0.005,0.001,2.28E-06,0.72,561.54
TEST,WN69,08.WN.KRR,0.809,0.787,0.830,0.809,0.000117645,1062.43,251.20
TEST,WN70,08.WN.KRR,0.816,0.794,0.837,0.816,0.000120291,1018.11,229.78
TEST,WN71,08.WN.KRR,0.109,0.089,0.132,0.110,0.00011966,89.90,727.29
TEST,WN72,08.WN.KRR,0.002,0.001,0.008,0.003,3.87E-06,2.86,854.69
TEST,WN73,08.WN.KRR,0.944,0.928,0.956,0.943,5.31E-05,957.85,58.16
TEST,WN74,08.WN.KRR,0.015,0.007,0.030,0.017,3.30E-05,8.42,492.16
TEST,WN75,08.WN.KRR,0.017,0.010,0.030,0.018,2.85E-05,11.75,623.71
TEST,WN76,08.WN.KRR,0.057,0.042,0.076,0.058,7.88E-05,39.99,650.83
TEST,WN77,08.WN.KRR,0.013,0.005,0.035,0.017,5.95E-05,4.58,270.03
TEST,WN86,08.WN.KRR,0.895,0.877,0.911,0.895,7.75E-05,1088.15,128.20
TEST,WN29,09.WN.CD,0.017,0.008,0.036,0.020,5.19E-05,7.44,366.73
TEST,WN30,09.WN.CD,0.000,0.000,0.007,0.001,3.36E-06,0.52,392.76
TEST,WN31,09.WN.CD,0.000,0.000,0.005,0.001,2.24E-06,0.59,510.27
TEST,WN32,09.WN.CD,0.000,0.000,0.006,0.001,2.88E-06,0.47,403.00
TEST,WN33,09.WN.CD,0.170,0.150,0.192,0.170,0.00011459,209.94,1022.44
TEST,WN34,09.WN.CD,0.000,0.000,0.004,0.001,1.31E-06,1.03,885.09
TEST,WN35,09.WN.CD,0.849,0.828,0.869,0.849,0.000110682,983.38,175.18
TEST,WN36,09.WN.CD,0.000,0.000,0.006,0.001,2.60E-06,0.59,473.46
TEST,WN37,09.WN.CD,0.760,0.734,0.785,0.760,0.000168138,824.01,260.56
TEST,WN38,09.WN.CD,0.330,0.308,0.353,0.330,0.000130983,557.39,1130.31
TEST,WN39,09.WN.CD,0.000,0.000,0.003,0.001,8.11E-07,0.62,871.35
TEST,WN40,09.WN.CD,0.636,0.609,0.661,0.635,0.000174015,845.25,485.17
TEST,WN41,09.WN.CD,0.000,0.000,0.008,0.002,4.65E-06,1.00,461.54
TEST,WN42,09.WN.CD,0.336,0.307,0.366,0.336,0.000224673,333.22,658.70
TEST,WN43,09.WN.CD,0.002,0.000,0.007,0.003,3.09E-06,2.46,888.56
TEST,WN44,09.WN.CD,0.042,0.027,0.065,0.044,9.42E-05,19.99,429.74
TEST,WN45,09.WN.CD,0.034,0.020,0.056,0.036,8.67E-05,14.50,386.44
TEST,WN46,09.WN.CD,0.070,0.052,0.092,0.071,0.000102989,45.26,593.22
TEST,WN47,09.WN.CD,0.367,0.338,0.397,0.367,0.000231602,368.02,634.26
TEST,WN48,09.WN.CD,0.021,0.010,0.042,0.024,6.51E-05,8.27,343.37
TEST,WN49,09.WN.CD,0.939,0.921,0.952,0.938,6.59E-05,832.00,55.43
TEST,WN50,09.WN.CD,0.077,0.059,0.100,0.078,0.000110145,51.11,602.42
TEST,WN51,09.WN.CD,0.043,0.028,0.067,0.045,9.97E-05,19.67,413.93
TEST,WN52,09.WN.CD,0.475,0.446,0.506,0.476,0.00023474,504.73,556.72
TEST,WN53,09.WN.CD,0.042,0.030,0.058,0.043,5.24E-05,33.50,748.07
TEST,WN54,09.WN.CD,0.032,0.021,0.047,0.033,4.42E-05,23.80,696.99
TEST,WN55,09.WN.CD,0.002,0.000,0.008,0.003,3.76E-06,2.36,787.93
TEST,WN56,09.WN.CD,0.000,0.000,0.009,0.002,5.49E-06,0.82,384.67
TEST,WN57,09.WN.CD,0.451,0.424,0.477,0.451,0.000186805,596.75,727.50
TEST,WN58,09.WN.CD,0.000,0.000,0.006,0.001,3.30E-06,0.46,371.86
TEST,WN59,09.WN.CD,0.849,0.829,0.867,0.848,9.10E-05,1198.18,214.13
TEST,WN60,09.WN.CD,0.062,0.044,0.087,0.064,0.00012312,31.06,454.40
TEST,WN61,09.WN.CD,0.003,0.001,0.011,0.005,6.98E-06,3.31,682.76
TEST,WN62,09.WN.CD,0.550,0.518,0.582,0.550,0.000260273,522.45,427.48
TEST,WN83,09.WN.CD,0.101,0.082,0.125,0.103,0.000117522,80.15,701.72
TEST,WN85,09.WN.CD,0.047,0.031,0.070,0.049,0.000102032,21.98,430.21
TEST,CI01,10.CI,0.051,0.038,0.068,0.052,5.82E-05,43.62,799.11
TEST,CI02,10.CI,0.387,0.360,0.414,0.387,0.000189374,483.88,767.46
TEST,CI03,10.CI,0.004,0.001,0.014,0.006,1.16E-05,3.00,503.35
TEST,CI04,10.CI,0.006,0.002,0.020,0.008,2.27E-05,3.05,361.22
TEST,CI05,10.CI,0.000,0.000,0.003,0.001,6.05E-07,0.89,1211.85
TEST,CI06,10.CI,0.000,0.000,0.004,0.001,1.32E-06,0.48,602.08
TEST,CI07,10.CI,0.008,0.004,0.019,0.010,1.56E-05,6.05,612.89
TEST,CI08,10.CI,0.000,0.000,0.005,0.001,1.61E-06,0.75,681.15
TEST,CI09,10.CI,0.007,0.003,0.020,0.010,2.06E-05,4.36,453.65
TEST,CI10,10.CI,0.353,0.326,0.381,0.354,0.000197694,408.54,746.69
TEST,CI11,10.CI,0.853,0.830,0.874,0.853,0.000124945,856.30,147.91
TEST,CI12,10.CI,0.147,0.129,0.168,0.148,0.000101713,183.23,1055.18
TEST,CI13,10.CI,0.009,0.004,0.023,0.012,2.50E-05,5.25,449.87
TEST,CI14,10.CI,0.010,0.004,0.022,0.012,2.16E-05,6.25,527.90
TEST,CI15,10.CI,0.844,0.817,0.867,0.843,0.000158467,703.90,131.33
TEST,CI16,10.CI,0.011,0.004,0.027,0.013,3.40E-05,5.17,381.39
TEST,CI17,10.CI,0.008,0.003,0.028,0.012,4.27E-05,3.20,268.61
TEST,CI18,10.CI,0.002,0.000,0.015,0.005,1.60E-05,1.56,309.02
TEST,CI19,10.CI,0.529,0.502,0.556,0.529,0.000186372,706.94,628.88
TEST,CI20,10.CI,0.921,0.905,0.934,0.920,5.33E-05,1267.86,110.07
TEST,CI21,10.CI,0.577,0.549,0.604,0.577,0.000199903,703.79,516.28
TEST,CI22,10.CI,0.035,0.022,0.055,0.037,7.22E-05,17.85,469.84
TEST,CI23,10.CI,0.002,0.001,0.008,0.003,3.48E-06,2.57,855.18
TEST,CI24,10.CI,0.000,0.000,0.004,0.001,1.33E-06,0.61,674.79
TEST,CI25,10.CI,0.003,0.001,0.012,0.005,8.14E-06,2.88,590.21
TEST,CI26,10.CI,0.004,0.002,0.012,0.005,6.93E-06,4.15,767.31
TEST,CI27,10.CI,0.006,0.002,0.017,0.008,1.57E-05,4.02,499.21
TEST,CI28,10.CI,0.410,0.382,0.438,0.410,0.000208467,474.88,684.23
TEST,CI29,10.CI,0.001,0.000,0.009,0.003,4.88E-06,1.75,594.97
TEST,CI30,10.CI,0.003,0.001,0.012,0.005,8.29E-06,3.09,605.03
TEST,CI31,10.CI,0.007,0.002,0.027,0.011,4.46E-05,2.55,234.74
TEST,CI32,10.CI,0.001,0.000,0.005,0.002,1.36E-06,3.26,1543.31
TEST,CI33,10.CI,0.039,0.025,0.060,0.040,8.12E-05,19.34,458.32
TEST,CI34,10.CI,0.045,0.032,0.063,0.046,6.47E-05,31.55,650.20
TEST,CI35,10.CI,0.439,0.411,0.467,0.439,0.000203249,530.98,679.52
TEST,CI36,10.CI,0.833,0.812,0.852,0.832,0.000103142,1125.89,227.03
TEST,CI37,10.CI,0.456,0.429,0.484,0.456,0.000197861,571.35,681.41
TEST,CI38,10.CI,0.008,0.003,0.024,0.011,2.93E-05,4.09,366.61
TEST,CI39,10.CI,0.904,0.888,0.918,0.904,5.96E-05,1319.15,140.52
TEST,CI40,10.CI,0.000,0.000,0.004,0.001,1.16E-06,0.59,711.52
TEST,CI43,10.CI,0.000,0.000,0.007,0.002,4.41E-06,0.52,343.03
TEST,CI45,10.CI,0.053,0.039,0.072,0.055,7.04E-05,40.01,692.46
TEST,CI46,10.CI,0.004,0.001,0.011,0.005,6.82E-06,4.08,766.57
TEST,CI47,10.CI,0.000,0.000,0.005,0.001,1.62E-06,0.61,610.39
TEST,CI48,10.CI,0.000,0.000,0.002,0.001,4.63E-07,0.71,1236.67
TEST,CI49,10.CI,0.012,0.004,0.038,0.017,7.75E-05,3.52,207.22
TEST,CI50,10.CI,0.854,0.831,0.874,0.853,0.000124287,859.52,148.06
TEST,CI51,10.CI,0.213,0.192,0.236,0.213,0.000124273,288.16,1061.83
TEST,CI52,10.CI,0.305,0.282,0.328,0.305,0.000141655,455.84,1039.27
TEST,CI57,10.CI,0.144,0.127,0.163,0.145,8.13E-05,219.85,1300.62
TEST,CI59,10.CI,0.418,0.388,0.448,0.418,0.000231537,438.77,610.93
TEST,CI62,10.CI,0.000,0.000,0.004,0.001,1.07E-06,0.89,912.62
TEST,CI65,10.CI,0.138,0.120,0.159,0.139,9.50E-05,174.87,1083.75
TEST,CI68,10.CI,0.461,0.435,0.487,0.461,0.000175201,653.72,763.63
TEST,CI71,10.CI,0.000,0.000,0.007,0.001,3.93E-06,0.55,371.44
TEST,CI72,10.CI,0.579,0.553,0.604,0.579,0.000174352,808.53,588.96
TEST,CI73,10.CI,0.180,0.159,0.204,0.181,0.000128309,208.61,944.93
TEST,CI74,10.CI,0.000,0.000,0.002,0.001,3.31E-07,1.02,1748.40
TEST,CI77,10.CI,0.387,0.358,0.417,0.388,0.000227779,403.68,637.52
TEST,CI78,10.CI,0.144,0.125,0.165,0.144,0.000106991,166.50,986.94
TEST,FT02,11.FT,0.000,0.000,0.005,0.001,2.13E-06,0.50,481.71
TEST,FT03,11.FT,0.001,0.000,0.011,0.003,9.01E-06,1.18,360.33
TEST,FT04,11.FT,0.800,0.777,0.821,0.799,0.000126167,1015.51,254.99
TEST,FT06,11.FT,0.467,0.435,0.499,0.467,0.00026125,444.38,507.37
TEST,FT07,11.FT,0.065,0.051,0.083,0.066,6.93E-05,58.55,829.44
TEST,FT09,11.FT,0.000,0.000,0.006,0.002,2.49E-06,1.14,675.33
TEST,FT10,11.FT,0.451,0.421,0.482,0.451,0.000241656,461.62,561.96
TEST,FT100,11.FT,0.513,0.485,0.541,0.513,0.000204322,626.56,595.20
TEST,FT101,11.FT,0.084,0.067,0.106,0.085,9.78E-05,68.12,729.53
TEST,FT102,11.FT,0.003,0.001,0.010,0.005,5.61E-06,3.87,824.77
TEST,FT103,11.FT,0.820,0.796,0.841,0.819,0.000129687,935.48,206.81
TEST,FT104,11.FT,0.019,0.011,0.033,0.020,3.36E-05,11.96,577.95
TEST,FT105,11.FT,0.007,0.003,0.020,0.010,2.09E-05,4.30,446.87
TEST,FT106,11.FT,0.087,0.070,0.107,0.088,8.59E-05,81.37,847.88
TEST,FT107,11.FT,0.002,0.000,0.005,0.002,1.45E-06,3.25,1492.88
TEST,FT108,11.FT,0.000,0.000,0.010,0.002,7.34E-06,0.57,276.33
TEST,FT11,11.FT,0.849,0.828,0.869,0.849,0.000109767,991.72,176.71
TEST,FT117,11.FT,0.003,0.001,0.010,0.004,5.70E-06,3.44,771.33
TEST,FT118,11.FT,0.004,0.001,0.014,0.006,1.14E-05,2.70,481.15
TEST,FT12,11.FT,0.003,0.001,0.017,0.006,1.78E-05,1.96,328.42
TEST,FT13,11.FT,0.449,0.421,0.477,0.449,0.000200388,553.75,679.81
TEST,FT14,11.FT,0.488,0.458,0.518,0.488,0.000237323,513.00,538.79
TEST,FT15,11.FT,0.437,0.409,0.466,0.438,0.000215338,499.64,642.22
TEST,FT16,11.FT,0.044,0.029,0.065,0.046,8.57E-05,23.04,483.01
TEST,FT17,11.FT,0.000,0.000,0.003,0.001,9.53E-07,0.55,758.73
TEST,FT18,11.FT,0.004,0.001,0.014,0.006,1.15E-05,2.88,495.10
TEST,FT20,11.FT,0.039,0.026,0.057,0.040,5.99E-05,25.86,617.43
TEST,FT21,11.FT,0.004,0.001,0.015,0.006,1.25E-05,2.74,463.43
TEST,FT22,11.FT,0.041,0.026,0.065,0.044,9.49E-05,19.06,418.60
TEST,FT23,11.FT,0.426,0.396,0.458,0.427,0.00024648,422.99,568.46
TEST,FT24,11.FT,0.473,0.444,0.503,0.473,0.000227479,518.12,576.73
TEST,FT25,11.FT,0.444,0.416,0.473,0.444,0.000216381,506.65,633.44
TEST,FT26,11.FT,0.003,0.001,0.010,0.004,5.78E-06,3.28,748.44
TEST,FT28,11.FT,0.396,0.366,0.427,0.396,0.000246189,384.75,586.06
TEST,FT29,11.FT,0.453,0.428,0.479,0.454,0.000171291,655.71,790.17
TEST,FT30,11.FT,0.522,0.494,0.550,0.522,0.000199552,652.42,596.92
TEST,FT31,11.FT,0.033,0.020,0.053,0.035,7.24E-05,16.08,446.44
TEST,FT33,11.FT,0.468,0.443,0.494,0.468,0.000172063,677.13,768.96
TEST,FT34,11.FT,0.006,0.002,0.019,0.008,1.85E-05,3.63,436.42
TEST,FT35,11.FT,0.047,0.033,0.068,0.049,8.36E-05,27.20,528.43
TEST,FT36,11.FT,0.913,0.897,0.926,0.912,5.84E-05,1251.62,120.64
TEST,FT37,11.FT,0.402,0.375,0.429,0.402,0.000187538,514.99,765.92
TEST,FT38,11.FT,0.902,0.885,0.916,0.901,6.11E-05,1312.14,143.80
TEST,FT39,11.FT,0.044,0.031,0.064,0.046,7.20E-05,27.64,577.07
TEST,FT40,11.FT,0.358,0.331,0.385,0.358,0.000184077,446.22,801.01
TEST,FT41,11.FT,0.523,0.493,0.553,0.523,0.000231685,562.41,513.41
TEST,FT42,11.FT,0.004,0.001,0.018,0.007,1.90E-05,2.62,366.96
TEST,FT46,11.FT,0.438,0.407,0.469,0.438,0.000245566,438.39,562.92
TEST,FT47,11.FT,0.009,0.004,0.025,0.012,3.12E-05,4.41,368.69
TEST,FT48,11.FT,0.409,0.383,0.436,0.409,0.000180965,546.42,788.60
TEST,FT49,11.FT,0.000,0.000,0.010,0.003,7.67E-06,1.08,373.82
TEST,FT50,11.FT,0.000,0.000,0.006,0.001,2.69E-06,0.69,505.37
TEST,FT53,11.FT,0.802,0.779,0.823,0.802,0.000126967,1003.12,248.18
TEST,FT54,11.FT,0.003,0.001,0.010,0.004,5.84E-06,2.80,687.87
TEST,FT55,11.FT,0.431,0.403,0.461,0.432,0.000216698,488.19,642.90
TEST,FT56,11.FT,0.435,0.404,0.467,0.435,0.000255306,418.90,543.01
TEST,FT59,11.FT,0.026,0.015,0.043,0.027,5.12E-05,14.32,506.47
TEST,FT62,11.FT,0.043,0.028,0.066,0.045,9.52E-05,20.60,433.30
TEST,FT63,11.FT,0.400,0.375,0.426,0.400,0.000169608,566.29,848.16
TEST,FT66,11.FT,0.002,0.000,0.018,0.006,2.22E-05,1.44,251.75
TEST,FT67,11.FT,0.559,0.531,0.586,0.559,0.000201559,682.72,539.61
TEST,FT69,11.FT,0.537,0.508,0.566,0.537,0.000218413,611.06,526.19
TEST,FT71,11.FT,0.148,0.126,0.172,0.148,0.000137434,136.29,782.18
TEST,FT72,11.FT,0.487,0.457,0.517,0.487,0.000235003,517.16,544.93
TEST,FT77,11.FT,0.420,0.393,0.448,0.420,0.000193526,528.89,729.18
TEST,FT80,11.FT,0.818,0.794,0.840,0.818,0.000138014,882.65,196.92
TEST,FT81,11.FT,0.511,0.486,0.536,0.511,0.000164692,775.17,741.05
TEST,FT86,11.FT,0.477,0.447,0.507,0.477,0.000234932,506.15,554.76
TEST,FT87,11.FT,0.002,0.001,0.007,0.003,3.08E-06,3.06,991.65
TEST,FT88,11.FT,0.004,0.001,0.013,0.006,9.65E-06,3.39,587.39
TEST,FT89,11.FT,0.000,0.000,0.003,0.001,7.86E-07,0.51,804.68
TEST,FT90,11.FT,0.020,0.011,0.037,0.022,4.47E-05,10.60,470.47
TEST,FT91,11.FT,0.474,0.444,0.503,0.474,0.000227333,518.89,576.76
TEST,FT92,11.FT,0.494,0.465,0.523,0.494,0.000219186,562.52,576.88
TEST,FT93,11.FT,0.927,0.908,0.942,0.926,7.76E-05,818.77,65.62
TEST,FT94,11.FT,0.031,0.019,0.053,0.034,7.78E-05,14.02,402.87
TEST,FT95,11.FT,0.506,0.480,0.532,0.506,0.00018103,698.20,681.59
TEST,FT96,11.FT,0.011,0.004,0.026,0.013,3.26E-05,5.25,392.83
TEST,FT97,11.FT,0.011,0.005,0.024,0.013,2.53E-05,6.20,485.13
TEST,FT98,11.FT,0.481,0.453,0.509,0.481,0.000205383,583.72,630.70
TEST,AQ03,12.AQ,0.785,0.759,0.808,0.784,0.000152692,868.36,238.97
TEST,AQ04,12.AQ,0.478,0.452,0.505,0.478,0.000181219,657.93,717.99
TEST,AQ06,12.AQ,0.893,0.872,0.911,0.892,0.000100905,849.93,102.77
TEST,AQ07,12.AQ,0.052,0.036,0.075,0.054,0.000101197,27.07,475.54
TEST,AQ100,12.AQ,0.353,0.328,0.379,0.354,0.000169728,475.83,869.84
TEST,AQ101,12.AQ,0.475,0.451,0.498,0.475,0.000144813,816.88,904.05
TEST,AQ102,12.AQ,0.000,0.000,0.002,0.001,4.33E-07,0.67,1244.73
TEST,AQ12,12.AQ,0.401,0.373,0.431,0.402,0.000217497,443.28,660.61
TEST,AQ14,12.AQ,0.851,0.832,0.868,0.850,8.83E-05,1224.02,215.32
TEST,AQ15,12.AQ,0.014,0.008,0.025,0.015,1.99E-05,11.34,737.15
TEST,AQ16,12.AQ,0.625,0.598,0.652,0.625,0.000193481,756.57,453.48
TEST,AQ17,12.AQ,0.066,0.048,0.091,0.068,0.000120798,35.71,488.68
TEST,AQ20,12.AQ,0.010,0.004,0.024,0.012,2.59E-05,5.42,448.48
TEST,AQ21,12.AQ,0.430,0.404,0.456,0.430,0.000177334,594.09,787.14
TEST,AQ22,12.AQ,0.493,0.464,0.523,0.493,0.000229836,536.09,550.45
TEST,AQ24,12.AQ,0.040,0.027,0.058,0.041,6.15E-05,26.32,613.99
TEST,AQ25,12.AQ,0.542,0.513,0.571,0.542,0.000219307,612.79,518.18
TEST,AQ27,12.AQ,0.909,0.892,0.924,0.909,6.82E-05,1104.24,110.97
TEST,AQ29,12.AQ,0.828,0.803,0.850,0.827,0.00014296,825.91,172.38
TEST,AQ30,12.AQ,0.020,0.011,0.037,0.022,4.27E-05,11.07,491.87
TEST,AQ31,12.AQ,0.030,0.019,0.049,0.032,5.98E-05,16.72,502.81
TEST,AQ32,12.AQ,0.050,0.035,0.071,0.051,8.84E-05,28.22,521.48
TEST,AQ33,12.AQ,0.021,0.012,0.035,0.022,3.40E-05,14.28,626.13
TEST,AQ34,12.AQ,0.005,0.002,0.018,0.008,1.88E-05,3.04,396.83
TEST,AQ35,12.AQ,0.044,0.029,0.064,0.045,8.09E-05,24.10,508.80
TEST,AQ36,12.AQ,0.011,0.005,0.023,0.013,2.01E-05,7.92,615.81
TEST,AQ37,12.AQ,0.000,0.000,0.006,0.001,2.60E-06,0.82,561.46
TEST,AQ38,12.AQ,0.247,0.221,0.275,0.247,0.000191864,239.87,729.62
TEST,AQ39,12.AQ,0.899,0.881,0.914,0.898,6.89E-05,1191.42,134.95
TEST,AQ41,12.AQ,0.810,0.787,0.832,0.810,0.000130199,957.30,224.91
TEST,AQ42,12.AQ,0.901,0.883,0.917,0.900,7.43E-05,1086.10,120.07
TEST,AQ46,12.AQ,0.502,0.478,0.526,0.502,0.000151762,826.57,819.72
TEST,AQ47,12.AQ,0.000,0.000,0.008,0.002,4.71E-06,0.79,406.86
TEST,AQ48,12.AQ,0.435,0.406,0.464,0.435,0.000217615,490.78,637.59
TEST,AQ50,12.AQ,0.448,0.417,0.479,0.448,0.00024802,446.19,549.87
TEST,AQ51,12.AQ,0.005,0.002,0.015,0.007,1.15E-05,3.97,581.25
TEST,AQ53,12.AQ,0.472,0.445,0.500,0.472,0.000201338,584.16,652.72
TEST,AQ54,12.AQ,0.007,0.003,0.019,0.009,1.77E-05,4.35,489.24
TEST,AQ55,12.AQ,0.424,0.394,0.455,0.424,0.000245523,421.81,572.14
TEST,AQ56,12.AQ,0.821,0.800,0.840,0.821,0.000107554,1122.46,245.43
TEST,AQ57,12.AQ,0.000,0.000,0.005,0.001,1.94E-06,0.98,710.12
TEST,AQ58,12.AQ,0.472,0.443,0.501,0.472,0.000220452,533.03,596.43
TEST,AQ59,12.AQ,0.000,0.000,0.007,0.002,3.40E-06,0.95,526.37
TEST,AQ61,12.AQ,0.003,0.001,0.011,0.004,6.94E-06,2.87,637.85
TEST,AQ62,12.AQ,0.011,0.004,0.027,0.013,3.55E-05,5.00,367.36
TEST,AQ63,12.AQ,0.792,0.767,0.815,0.792,0.00014831,879.26,231.15
TEST,AQ64,12.AQ,0.058,0.041,0.083,0.060,0.000113075,30.09,469.48
TEST,AQ65,12.AQ,0.010,0.005,0.020,0.011,1.55E-05,7.75,695.90
TEST,AQ66,12.AQ,0.522,0.490,0.553,0.522,0.000261135,497.85,456.73
TEST,AQ68,12.AQ,0.000,0.000,0.007,0.002,3.41E-06,0.73,460.19
TEST,AQ72,12.AQ,0.000,0.000,0.003,0.001,8.77E-07,0.70,892.97
TEST,AQ76,12.AQ,0.002,0.000,0.019,0.006,2.43E-05,1.38,236.05
TEST,AQ78,12.AQ,0.016,0.008,0.033,0.018,4.13E-05,7.93,426.00
TEST,AQ79,12.AQ,0.000,0.000,0.006,0.001,3.00E-06,0.69,477.31
TEST,AQ80,12.AQ,0.003,0.001,0.030,0.010,6.32E-05,1.53,152.89
TEST,AQ84,12.AQ,0.485,0.454,0.515,0.485,0.000244281,495.06,526.39
TEST,AQ99,12.AQ,0.852,0.831,0.870,0.851,9.87E-05,1090.97,190.64
TEST,KA01,13.KA,0.002,0.001,0.007,0.003,3.00E-06,3.33,1048.39
TEST,KA02,13.KA,0.804,0.780,0.826,0.804,0.000132591,955.94,233.75
TEST,KA03,13.KA,0.010,0.004,0.022,0.012,2.18E-05,6.11,520.04
TEST,KA04,13.KA,0.000,0.000,0.010,0.003,7.01E-06,1.09,392.56
TEST,KA05,13.KA,0.845,0.824,0.864,0.845,0.000102776,1076.93,197.86
TEST,KA06,13.KA,0.018,0.009,0.038,0.021,5.52E-05,7.78,363.22
TEST,KA07,13.KA,0.525,0.496,0.553,0.524,0.00020563,635.58,576.29
TEST,KA08,13.KA,0.380,0.352,0.410,0.381,0.000221805,404.00,657.74
TEST,KA09,13.KA,0.000,0.000,0.017,0.004,2.21E-05,0.90,199.53
TEST,KA10,13.KA,0.906,0.889,0.921,0.905,6.81E-05,1138.20,118.86
TEST,KA11,13.KA,0.058,0.043,0.077,0.059,7.55E-05,42.96,688.28
TEST,KA12,13.KA,0.645,0.619,0.670,0.644,0.000169101,872.56,481.68
TEST,KA13,13.KA,0.020,0.011,0.036,0.022,4.34E-05,10.70,480.12
TEST,KA14,13.KA,0.815,0.790,0.838,0.815,0.000147891,830.56,188.78
TEST,KA15,13.KA,0.875,0.854,0.893,0.874,0.000101702,945.83,136.43
TEST,KA16,13.KA,0.042,0.029,0.061,0.044,6.70E-05,27.17,594.94
TEST,KA17,13.KA,0.002,0.001,0.006,0.003,2.26E-06,3.01,1149.67
TEST,BH01,14.BH,0.141,0.122,0.163,0.141,0.000109991,156.08,947.16
TEST,BH02,14.BH,0.518,0.491,0.545,0.518,0.000188629,685.26,637.36
TEST,BH03,14.BH,0.846,0.823,0.866,0.845,0.000119845,922.95,169.41
TEST,BH04,14.BH,0.539,0.510,0.567,0.539,0.000210995,633.89,542.89
TEST,BH05,14.BH,0.047,0.033,0.068,0.049,8.19E-05,27.88,540.68
TEST,BH06,14.BH,0.000,0.000,0.009,0.002,5.99E-06,0.85,375.58
TEST,BH07,14.BH,0.439,0.411,0.467,0.439,0.000206578,523.04,668.19
TEST,BH08,14.BH,0.069,0.053,0.089,0.070,8.29E-05,54.91,729.41
TEST,BH09,14.BH,0.527,0.500,0.555,0.527,0.000196319,669.11,599.49
TEST,BH11,14.BH,0.000,0.000,0.003,0.001,9.16E-07,0.80,930.54
TEST,BH13,14.BH,0.041,0.026,0.067,0.044,0.000109919,16.70,363.91
TEST,BH14,14.BH,0.009,0.004,0.024,0.012,2.70E-05,4.99,421.52
TEST,BH15,14.BH,0.401,0.374,0.428,0.401,0.000191532,502.04,750.77
TEST,BH16,14.BH,0.185,0.162,0.212,0.186,0.000162178,173.37,758.99
TEST,BH17,14.BH,0.055,0.043,0.071,0.056,5.28E-05,56.51,947.83
TEST,BH18,14.BH,0.843,0.821,0.863,0.843,0.000118828,939.77,175.62
TEST,BH19,14.BH,0.881,0.862,0.898,0.880,8.64E-05,1072.68,145.84
TEST,BH20,14.BH,0.824,0.800,0.846,0.824,0.000138126,865.03,185.08
TEST,BH21,14.BH,0.922,0.906,0.936,0.922,6.13E-05,1086.38,92.44
TEST,BH22,14.BH,0.011,0.005,0.026,0.013,3.15E-05,5.53,410.43
TEST,BH23,14.BH,0.000,0.000,0.007,0.002,3.45E-06,0.82,485.57
TEST,BH25,14.BH,0.392,0.364,0.421,0.392,0.000218899,426.87,661.23
TEST,BH26,14.BH,0.410,0.382,0.438,0.410,0.000201754,491.30,706.76
TEST,BH27,14.BH,0.421,0.392,0.450,0.421,0.000220668,464.31,639.17
TEST,BH28,14.BH,0.786,0.763,0.808,0.786,0.000133964,986.59,268.98
TEST,BH29,14.BH,0.922,0.904,0.937,0.921,6.96E-05,959.70,82.11
TEST,BH30,14.BH,0.012,0.006,0.028,0.015,3.24E-05,6.48,436.87
TEST,BH31,14.BH,0.471,0.442,0.500,0.471,0.000214648,546.38,613.43
TEST,BH34,14.BH,0.063,0.048,0.083,0.064,8.18E-05,47.28,687.74
TEST,BH35,14.BH,0.434,0.408,0.460,0.434,0.000181624,586.27,765.10
TEST,BH36,14.BH,0.031,0.020,0.047,0.032,4.76E-05,20.87,630.03
TEST,BH37,14.BH,0.000,0.000,0.016,0.004,1.92E-05,0.85,208.29
TEST,BH39,14.BH,0.477,0.448,0.506,0.477,0.000218641,543.99,596.06
TEST,BH41,14.BH,0.238,0.210,0.269,0.239,0.000222873,194.78,620.25
TEST,BH42,14.BH,0.392,0.365,0.419,0.392,0.000189896,492.01,762.35
TEST,BH43,14.BH,0.041,0.027,0.063,0.043,8.73E-05,20.49,452.84
TEST,BH44,14.BH,0.003,0.001,0.010,0.004,5.64E-06,3.54,785.58
TEST,BH45,14.BH,0.502,0.474,0.529,0.502,0.00020075,624.29,620.03
TEST,BH46,14.BH,0.247,0.221,0.275,0.248,0.000188028,245.11,744.73
TEST,BH48,14.BH,0.246,0.223,0.271,0.246,0.000152114,300.62,919.23
TEST,BH49,14.BH,0.063,0.045,0.089,0.065,0.000127026,31.18,447.34
TEST,BH50,14.BH,0.000,0.000,0.007,0.002,4.12E-06,0.84,450.66
TEST,BH51,14.BH,0.513,0.479,0.546,0.513,0.000293383,436.09,414.49
TEST,BH52,14.BH,0.019,0.010,0.035,0.021,4.02E-05,10.26,488.96
TEST,BH53,14.BH,0.000,0.000,0.005,0.001,1.79E-06,0.99,743.39
TEST,BH55,14.BH,0.012,0.006,0.026,0.014,2.75E-05,6.86,488.29
TEST,BH57,14.BH,0.891,0.871,0.908,0.890,9.37E-05,927.70,114.43
TEST,BH58,14.BH,0.983,0.972,0.990,0.982,2.14E-05,822.70,15.35
TEST,BH59,14.BH,0.524,0.495,0.554,0.524,0.00022964,568.92,516.17
TEST,BH61,14.BH,0.455,0.427,0.482,0.455,0.000196555,572.98,687.44
TEST,BH63,14.BH,0.465,0.436,0.495,0.465,0.000229623,503.53,578.93
TEST,BH64,14.BH,0.467,0.439,0.496,0.467,0.000214088,543.06,618.73
TEST,BH65,14.BH,0.447,0.419,0.475,0.447,0.000201831,547.26,676.57
TEST,BH66,14.BH,0.020,0.010,0.039,0.022,5.54E-05,8.78,384.15
TEST,BH67,14.BH,0.471,0.441,0.502,0.471,0.000249211,470.94,527.96
TEST,BH68,14.BH,0.023,0.011,0.050,0.027,0.000103321,6.93,248.03
TEST,BH69,14.BH,0.407,0.381,0.434,0.408,0.000183749,535.27,777.85
TEST,BH76,14.BH,0.424,0.399,0.450,0.424,0.000168818,613.70,832.33
TEST,BH84,14.BH,0.002,0.000,0.007,0.003,2.51E-06,2.75,1043.34
TEST,KU01,15.KU,0.501,0.475,0.527,0.501,0.000177034,706.88,704.27
TEST,KU02,15.KU,0.901,0.882,0.918,0.901,8.43E-05,955.69,105.52
TEST,WI01,15.KU,0.897,0.879,0.913,0.897,7.83E-05,1058.89,121.89
TEST,WI02,15.KU,0.907,0.885,0.926,0.906,0.000110493,696.46,72.12
TEST,WI03,15.KU,0.918,0.899,0.933,0.917,7.57E-05,922.49,83.65
TEST,LA01,16.LA,0.837,0.816,0.855,0.836,9.67E-05,1184.24,232.26
TEST,LA02,16.LA,0.089,0.072,0.110,0.090,9.11E-05,81.40,819.84
TEST,LA03,16.LA,0.908,0.889,0.925,0.908,8.31E-05,914.68,93.04
TEST,LA04,16.LA,0.404,0.379,0.430,0.404,0.000169831,573.18,844.09
TEST,LA05,16.LA,0.027,0.017,0.043,0.029,4.20E-05,18.80,639.78
TEST,LA06,16.LA,0.885,0.864,0.903,0.884,9.96E-05,909.60,119.51
TEST,LA07,16.LA,0.450,0.422,0.479,0.450,0.000206281,539.92,659.06
TEST,LA08,16.LA,0.907,0.887,0.924,0.907,8.69E-05,883.33,91.09
TEST,LA09,16.LA,0.045,0.031,0.064,0.046,7.11E-05,28.73,591.60
TEST,LA10,16.LA,0.535,0.511,0.559,0.535,0.000149541,889.78,772.71
TEST,LA11,16.LA,0.832,0.808,0.852,0.831,0.00012622,923.86,187.92
TEST,LA12,16.LA,0.072,0.053,0.097,0.074,0.00012416,40.42,508.25
TEST,LA13,16.LA,0.492,0.462,0.521,0.492,0.000226903,540.98,559.50
TEST,LA14,16.LA,0.040,0.026,0.060,0.041,7.50E-05,21.81,505.82
TEST,LA15,16.LA,0.486,0.457,0.515,0.486,0.000218705,554.83,586.39
TEST,LA16,16.LA,0.527,0.498,0.557,0.527,0.000224627,584.66,523.96
TEST,LA17,16.LA,0.471,0.440,0.502,0.471,0.000248095,472.24,530.99
TEST,LA18,16.LA,0.458,0.430,0.486,0.458,0.000203921,556.48,659.66
TEST,LA19,16.LA,0.044,0.030,0.063,0.045,6.91E-05,28.18,595.22
TEST,LA20,16.LA,0.822,0.799,0.842,0.821,0.000124161,970.96,211.71
TEST,LA21,16.LA,0.914,0.897,0.929,0.914,6.88E-05,1046.88,99.01
TEST,LA22,16.LA,0.423,0.394,0.453,0.423,0.000222252,464.80,632.72
TEST,LA23,16.LA,0.407,0.378,0.438,0.408,0.000234354,419.65,609.74
TEST,LA24,16.LA,0.932,0.915,0.946,0.931,6.11E-05,976.78,72.31
TEST,LA25,16.LA,0.431,0.401,0.462,0.431,0.000241137,438.49,577.79
TEST,LA26,16.LA,0.005,0.001,0.024,0.009,3.45E-05,2.36,257.51
TEST,LA27,16.LA,0.008,0.003,0.019,0.010,1.73E-05,5.44,552.82
TEST,LA28,16.LA,0.449,0.420,0.478,0.449,0.000219038,507.24,621.43
TEST,LA29,16.LA,0.983,0.970,0.990,0.982,2.73E-05,647.60,12.14
TEST,LA30,16.LA,0.123,0.105,0.142,0.123,9.08E-05,146.43,1042.39
TEST,LA31,16.LA,0.910,0.892,0.925,0.909,7.13E-05,1052.55,105.25
TEST,LA32,16.LA,0.000,0.000,0.012,0.003,1.13E-05,0.61,231.84
TEST,LA33,16.LA,0.385,0.355,0.416,0.386,0.000239021,381.70,608.40
TEST,LA34,16.LA,0.494,0.465,0.524,0.494,0.000233126,529.72,541.53
TEST,LA35,16.LA,0.781,0.756,0.803,0.780,0.000147595,905.99,255.45
TEST,LA36,16.LA,0.480,0.455,0.505,0.480,0.000166603,718.62,778.55
TEST,LA37,16.LA,0.060,0.041,0.087,0.062,0.000138262,26.02,393.63
TEST,LA38,16.LA,0.883,0.863,0.900,0.882,9.13E-05,1004.17,134.31
TEST,LA39,16.LA,0.481,0.451,0.511,0.481,0.000230343,520.83,561.95
TEST,LA40,16.LA,0.787,0.763,0.809,0.786,0.000137524,959.82,260.77
TEST,LA41,16.LA,0.023,0.014,0.040,0.025,4.70E-05,13.11,507.72
TEST,LA42,16.LA,0.914,0.897,0.929,0.914,6.97E-05,1033.63,97.75
TEST,SP01,17.SP,0.004,0.001,0.011,0.005,5.99E-06,4.27,837.35
TEST,SP02,17.SP,0.843,0.820,0.864,0.843,0.000128382,869.95,162.63
TEST,SP03,17.SP,0.045,0.029,0.070,0.048,0.000106299,20.20,404.77
TEST,SP04,17.SP,0.806,0.783,0.827,0.805,0.000123534,1021.61,247.18
TEST,SP05,17.SP,0.004,0.001,0.012,0.005,7.78E-06,3.30,645.83
TEST,SP06,17.SP,0.478,0.451,0.505,0.478,0.000186812,637.68,696.93
TEST,SP07,17.SP,0.487,0.456,0.518,0.487,0.000249663,486.65,513.00
TEST,SP08,17.SP,0.897,0.877,0.914,0.896,9.10E-05,913.84,105.65
TEST,SP09,17.SP,0.894,0.876,0.909,0.893,7.34E-05,1162.10,139.29
TEST,SP10,17.SP,0.957,0.941,0.968,0.956,4.87E-05,831.93,38.71
TEST,SP12,17.SP,0.000,0.000,0.014,0.004,1.45E-05,1.08,270.75
TEST,SP13,17.SP,0.408,0.380,0.436,0.408,0.000199712,492.76,715.50
TEST,SP14,17.SP,0.011,0.004,0.028,0.014,3.63E-05,5.03,364.13
TEST,SP15,17.SP,0.109,0.090,0.133,0.110,0.000120231,90.12,725.96
TEST,SP16,17.SP,0.930,0.915,0.943,0.929,5.15E-05,1186.71,90.42
TEST,SP17,17.SP,0.547,0.517,0.577,0.547,0.00023796,568.94,471.42
TEST,SP18,17.SP,0.989,0.977,0.994,0.987,2.02E-05,617.90,8.04
TEST,SP19,17.SP,0.485,0.457,0.513,0.485,0.00020094,602.22,639.80
TEST,SP20,17.SP,0.894,0.873,0.912,0.893,0.000101444,838.17,100.07
TEST,SP21,17.SP,0.002,0.001,0.008,0.003,4.11E-06,2.49,774.42
TEST,SP22,17.SP,0.000,0.000,0.006,0.001,2.39E-06,0.61,501.93
TEST,SP23,17.SP,0.007,0.003,0.017,0.008,1.24E-05,5.71,670.87
TEST,SP24,17.SP,0.478,0.449,0.507,0.478,0.000214675,555.16,606.15
TEST,SP26,17.SP,0.253,0.229,0.279,0.254,0.000157919,303.92,894.03
TEST,SP27,17.SP,0.879,0.857,0.898,0.878,0.000111435,841.87,116.71
TEST,SP28,17.SP,0.532,0.501,0.562,0.532,0.000238102,555.38,489.40
TEST,SP29,17.SP,0.003,0.001,0.010,0.005,5.93E-06,3.60,773.58
TEST,SP30,17.SP,0.643,0.617,0.668,0.643,0.000168113,877.21,488.06
TEST,SP31,17.SP,0.843,0.822,0.862,0.843,0.000102969,1083.89,202.28
TEST,SP32,17.SP,0.852,0.829,0.873,0.852,0.000125567,856.41,149.29
TEST,SP33,17.SP,0.047,0.030,0.073,0.050,0.000121449,19.16,367.61
TEST,SP34,17.SP,0.104,0.085,0.126,0.105,0.000111316,88.43,754.30
TEST,SP35,17.SP,0.018,0.007,0.043,0.021,8.36E-05,5.33,244.06
TEST,SP36,17.SP,0.919,0.899,0.935,0.918,8.54E-05,808.96,72.30
TEST,SP37,17.SP,0.464,0.436,0.491,0.464,0.000195931,588.28,680.01
TEST,SP38,17.SP,0.483,0.455,0.512,0.483,0.000212698,567.00,606.07
TEST,SP39,17.SP,0.000,0.000,0.005,0.001,2.05E-06,0.86,646.73
TEST,SP40,17.SP,0.425,0.398,0.453,0.425,0.000192623,539.10,728.74
TEST,SP41,17.SP,0.474,0.446,0.501,0.474,0.000197589,597.11,663.62
TEST,SP42,17.SP,0.866,0.844,0.885,0.865,0.000110195,914.26,142.29
TEST,SP43,17.SP,0.882,0.862,0.899,0.881,8.82E-05,1047.22,141.59
TEST,SP44,17.SP,0.480,0.452,0.507,0.480,0.000192914,619.93,672.82
TEST,SP45,17.SP,0.579,0.552,0.605,0.579,0.000181714,775.83,564.91
TEST,SP46,17.SP,0.004,0.002,0.012,0.006,7.67E-06,4.23,735.63
TEST,SP47,17.SP,0.773,0.748,0.797,0.773,0.000157554,860.18,252.64
TEST,SP48,17.SP,0.442,0.410,0.474,0.442,0.000263623,412.81,521.65
TEST,SP49,17.SP,0.011,0.004,0.031,0.014,4.89E-05,3.99,279.40
TEST,SP50,17.SP,0.836,0.814,0.856,0.836,0.000114216,1003.98,197.45
TEST,SP51,17.SP,0.976,0.962,0.985,0.974,3.37E-05,720.20,18.91
TEST,SP52,17.SP,0.005,0.001,0.025,0.009,3.97E-05,2.01,221.55
TEST,SP53,17.SP,0.452,0.425,0.478,0.452,0.000179745,621.82,755.02
TEST,SP54,17.SP,0.417,0.391,0.443,0.417,0.000177098,572.15,799.67
TEST,SP55,17.SP,0.458,0.432,0.485,0.458,0.000183997,617.87,730.38
TEST,SP56,17.SP,0.889,0.871,0.904,0.888,6.99E-05,1259.94,158.46
TEST,SP57,17.SP,0.982,0.970,0.989,0.981,2.34E-05,795.44,15.69
TEST,SP58,17.SP,0.871,0.848,0.890,0.870,0.000114696,856.28,127.77
TEST,SP59,17.SP,0.371,0.343,0.401,0.372,0.000218663,396.66,670.41
TEST,SP60,17.SP,0.781,0.757,0.803,0.780,0.000138929,962.48,271.33
TEST,SP61,17.SP,0.013,0.004,0.044,0.019,0.00011013,3.24,166.15
TEST,SP62,17.SP,0.003,0.001,0.018,0.006,2.07E-05,1.85,295.25
TEST,SP63,17.SP,0.918,0.898,0.935,0.917,8.83E-05,786.31,70.84
TEST,SP64,17.SP,0.508,0.480,0.537,0.508,0.000216534,586.38,566.85
TEST,SP65,17.SP,0.473,0.447,0.498,0.473,0.000172722,681.69,760.41
TEST,SP66,17.SP,0.483,0.452,0.515,0.483,0.000257958,467.53,499.56
TEST,SP67,17.SP,0.008,0.002,0.026,0.011,3.73E-05,3.24,289.16
TEST,SP68,17.SP,0.454,0.426,0.481,0.454,0.000197886,567.82,683.70
TEST,SP69,17.SP,0.466,0.436,0.495,0.466,0.000224743,514.96,591.14
TEST,SP70,17.SP,0.511,0.484,0.538,0.511,0.000192538,662.87,633.93
TEST,SP71,17.SP,0.019,0.009,0.037,0.021,5.11E-05,8.39,392.32
TEST,SP72,17.SP,0.001,0.000,0.005,0.002,1.85E-06,1.52,903.61
TEST,44830,18.NW,0.843,0.821,0.863,0.842,0.000115873,964.93,180.73
TEST,74164,18.NW,0.469,0.443,0.495,0.469,0.000177171,658.41,746.15
TEST,74165,18.NW,0.920,0.903,0.934,0.919,6.49E-05,1048.97,92.02
TEST,74166,18.NW,0.856,0.838,0.873,0.856,7.93E-05,1330.46,224.01
TEST,74168,18.NW,0.950,0.933,0.963,0.949,5.77E-05,791.85,42.38
TEST,74171,18.NW,0.109,0.088,0.133,0.110,0.000130057,82.42,668.18
TEST,ND01,18.NW,0.476,0.444,0.508,0.476,0.000262195,452.42,497.89
TEST,ND02,18.NW,0.913,0.893,0.929,0.912,8.24E-05,887.82,85.68
TEST,ND03,18.NW,0.387,0.357,0.418,0.387,0.000240594,381.57,603.71
TEST,ND04,18.NW,0.008,0.002,0.042,0.016,0.000112837,2.13,133.52
TEST,ND05,18.NW,0.626,0.598,0.652,0.625,0.000191435,764.70,458.16
TEST,ND06,18.NW,0.596,0.569,0.623,0.596,0.000187709,764.01,517.63
TEST,ND07,18.NW,0.958,0.943,0.969,0.957,4.67E-05,843.68,38.01
TEST,ND08,18.NW,0.084,0.065,0.107,0.085,0.000118393,55.76,600.20
TEST,NW01,18.NW,0.097,0.078,0.120,0.098,0.000114836,75.31,693.31
TEST,NW02,18.NW,0.909,0.893,0.923,0.908,5.85E-05,1291.39,130.31
TEST,NW03,18.NW,0.830,0.807,0.851,0.830,0.000121583,963.87,198.03
TEST,NW04,18.NW,0.883,0.862,0.901,0.882,0.000102489,893.35,119.22
TEST,NW05,18.NW,0.861,0.840,0.880,0.861,0.00010791,955.80,154.79
TEST,NW06,18.NW,0.942,0.922,0.957,0.941,7.71E-05,678.88,42.75
TEST,NW07,18.NW,0.479,0.450,0.508,0.479,0.000216994,550.48,598.60
TEST,NW08,18.NW,0.979,0.968,0.986,0.978,2.22E-05,959.64,21.93
TEST,NW09,18.NW,0.915,0.897,0.930,0.914,7.11E-05,1005.75,94.14
TEST,NW10,18.NW,0.923,0.905,0.938,0.922,7.01E-05,941.42,79.20
TEST,NW11,18.NW,0.135,0.113,0.160,0.136,0.000146928,108.18,689.06
TEST,NW12,18.NW,0.435,0.406,0.463,0.435,0.000214277,497.97,647.80
TEST,NW13,18.NW,0.818,0.795,0.840,0.818,0.00013033,934.20,208.15
TEST,NW14,18.NW,0.020,0.012,0.036,0.022,3.86E-05,12.42,548.12
TEST,NW15,18.NW,0.830,0.808,0.850,0.829,0.000114044,1029.04,212.01
TEST,NW16,18.NW,0.823,0.801,0.843,0.822,0.000113692,1055.86,228.09
TEST,KR01,19.KR,0.845,0.826,0.862,0.845,8.43E-05,1312.79,241.17
TEST,KR02,19.KR,0.432,0.402,0.464,0.433,0.000253047,419.15,549.84
TEST,KR03,19.KR,0.906,0.889,0.920,0.905,6.17E-05,1257.07,131.39
TEST,KR04,19.KR,0.084,0.066,0.108,0.086,0.000114121,58.60,626.12
TEST,KR05,19.KR,0.102,0.081,0.127,0.103,0.000138216,68.82,598.97
TEST,KR06,19.KR,0.064,0.048,0.085,0.065,8.83E-05,45.22,646.08
TEST,KR07,19.KR,0.634,0.607,0.661,0.634,0.000188019,781.88,450.99
TEST,KR08,19.KR,0.054,0.039,0.075,0.056,8.44E-05,34.44,586.02
TEST,KR09,19.KR,0.913,0.894,0.930,0.913,8.51E-05,854.65,81.86
TEST,KR10,19.KR,0.246,0.221,0.274,0.247,0.000187565,244.44,745.77
TEST,KR11,19.KR,1.000,0.997,1.000,0.999,7.70E-07,1096.08,0.93
TEST,KR12,19.KR,1.000,0.996,1.000,0.999,1.20E-06,715.89,0.62
TEST,KR13,19.KR,0.997,0.992,0.999,0.996,3.86E-06,948.85,3.52
TEST,KR14,19.KR,0.925,0.910,0.938,0.925,5.03E-05,1278.10,103.91
TEST,KR15,19.KR,0.274,0.249,0.302,0.275,0.000181602,301.20,795.06
TEST,KR16,19.KR,0.524,0.496,0.552,0.524,0.000203187,642.53,584.07
TEST,KR17,19.KR,0.003,0.001,0.010,0.004,6.36E-06,2.65,640.57
TEST,KR18,19.KR,0.883,0.863,0.900,0.882,9.09E-05,1006.10,134.12
TEST,KR19,19.KR,0.996,0.987,0.999,0.994,9.43E-06,577.06,3.20
TEST,KR20,19.KR,0.469,0.440,0.497,0.469,0.000212587,548.78,621.66
TEST,KR21,19.KR,0.926,0.908,0.941,0.925,7.24E-05,882.41,71.17
TEST,KR22,19.KR,0.560,0.530,0.589,0.560,0.000221755,621.28,489.12
TEST,KR23,19.KR,0.900,0.881,0.917,0.900,8.43E-05,962.58,107.38
TEST,KR24,19.KR,0.991,0.984,0.995,0.991,8.49E-06,1094.35,10.48
TEST,KR25,19.KR,0.002,0.000,0.007,0.003,2.53E-06,2.63,1014.33
TEST,KR26,19.KR,0.987,0.976,0.993,0.986,2.04E-05,684.55,9.99
TEST,KR27,19.KR,0.580,0.552,0.607,0.580,0.000194034,727.37,527.31
TEST,KR28,19.KR,0.894,0.875,0.911,0.894,8.50E-05,997.78,118.71
TEST,KR29,19.KR,0.990,0.980,0.995,0.989,1.42E-05,756.94,8.44
TEST,KR30,19.KR,0.993,0.983,0.997,0.992,1.27E-05,642.05,5.36
TEST,KR31,19.KR,0.978,0.965,0.986,0.977,3.04E-05,728.24,17.30
TEST,KR32,19.KR,0.916,0.899,0.930,0.915,6.13E-05,1160.14,107.73
TEST,KR33,19.KR,0.905,0.887,0.920,0.904,7.28E-05,1073.94,113.65
TEST,KR34,19.KR,0.892,0.873,0.909,0.892,8.50E-05,1011.79,122.81
TEST,KR35,19.KR,0.138,0.115,0.164,0.139,0.000158049,104.68,650.12
TEST,KR36,19.KR,0.978,0.965,0.986,0.977,2.90E-05,758.34,17.92
TEST,KR37,19.KR,0.582,0.553,0.610,0.582,0.00021266,665.18,477.81
TEST,KR38,19.KR,0.859,0.840,0.877,0.859,9.08E-05,1146.73,188.66
TEST,KR39,19.KR,0.853,0.835,0.869,0.852,7.58E-05,1414.13,244.91
TEST,KR40,19.KR,0.171,0.147,0.198,0.172,0.000166002,147.25,709.30
TEST,KR41,19.KR,0.962,0.948,0.972,0.961,3.67E-05,985.11,40.14
TEST,KR42,19.KR,0.972,0.955,0.982,0.970,4.86E-05,580.69,18.00
TEST,KR43,19.KR,0.984,0.973,0.991,0.983,2.20E-05,747.80,12.98
TEST,KR44,19.KR,0.906,0.885,0.923,0.905,9.11E-05,853.56,89.64
TEST,KR45,19.KR,0.623,0.594,0.651,0.623,0.00021748,672.11,407.09
TEST,KR46,19.KR,0.969,0.955,0.978,0.968,3.42E-05,881.04,29.29
TEST,KR47,19.KR,0.617,0.587,0.645,0.616,0.00021974,662.64,412.48
TEST,KR48,19.KR,0.487,0.462,0.513,0.487,0.00016996,715.71,753.27
TEST,KR49,19.KR,0.859,0.840,0.877,0.859,9.16E-05,1135.88,186.68
TEST,KR50,19.KR,0.526,0.498,0.554,0.526,0.000204095,642.03,578.58
TEST,AG01,20.AG,0.996,0.989,0.998,0.994,5.92E-06,919.84,5.10
TEST,AG02,20.AG,0.946,0.928,0.960,0.945,6.71E-05,733.94,42.95
TEST,AG03,20.AG,0.999,0.994,1.000,0.998,2.47E-06,838.72,1.75
TEST,AG04,20.AG,0.992,0.981,0.997,0.990,1.64E-05,571.31,5.53
TEST,AG05,20.AG,1.000,0.995,1.000,0.999,2.22E-06,520.56,0.61
TEST,AG06,20.AG,0.991,0.981,0.996,0.990,1.50E-05,661.37,6.79
TEST,AG07,20.AG,0.933,0.918,0.945,0.932,4.62E-05,1273.03,92.41
TEST,AG08,20.AG,0.988,0.978,0.994,0.987,1.65E-05,756.90,9.82
TEST,AG10,20.AG,0.995,0.986,0.998,0.994,1.03E-05,619.93,4.05
TEST,AG11,20.AG,0.995,0.984,0.998,0.993,1.26E-05,550.56,3.92
TEST,AG12,20.AG,1.000,0.991,1.000,0.998,5.83E-06,422.00,1.05
TEST,AG13,20.AG,1.000,0.994,1.000,0.999,2.63E-06,501.35,0.67
TEST,AG14,20.AG,0.997,0.989,0.999,0.995,7.01E-06,685.79,3.35
TEST,AG15,20.AG,0.933,0.917,0.946,0.933,5.56E-05,1054.57,76.31
TEST,AG16,20.AG,0.986,0.976,0.992,0.985,1.82E-05,799.71,12.17
TEST,AG17,20.AG,0.997,0.989,0.999,0.995,6.48E-06,729.86,3.51
TEST,AG18,20.AG,0.991,0.980,0.996,0.989,1.61E-05,639.98,6.80
TEST,AG19,20.AG,0.989,0.979,0.994,0.988,1.55E-05,766.33,9.44
TEST,AG20,20.AG,0.931,0.914,0.944,0.930,5.99E-05,1010.04,76.12
TEST,AG21,20.AG,0.999,0.994,1.000,0.998,2.38E-06,945.59,2.15
TEST,AG22,20.AG,0.942,0.925,0.955,0.941,5.91E-05,884.51,55.52
TEST,AG23,20.AG,0.923,0.905,0.938,0.922,6.97E-05,949.79,80.36
TEST,AG24,20.AG,1.000,0.995,1.000,0.999,1.97E-06,692.72,0.95
TEST,AG25,20.AG,0.987,0.976,0.993,0.985,1.95E-05,725.29,10.73
TEST,AG26,20.AG,0.912,0.891,0.929,0.911,9.34E-05,789.79,77.19
TEST,AG27,20.AG,0.993,0.986,0.997,0.992,8.45E-06,899.03,6.99
TEST,AG28,20.AG,0.919,0.901,0.934,0.918,6.97E-05,986.93,87.71
TEST,AG29,20.AG,0.937,0.919,0.950,0.936,6.26E-05,898.26,61.68
TEST,AG62,20.AG,0.999,0.990,1.000,0.997,7.55E-06,441.44,1.49
TEST,AG63,20.AG,0.998,0.987,1.000,0.996,1.12E-05,373.79,1.59
TEST,PA01,20.AG,0.991,0.980,0.996,0.989,1.64E-05,629.03,6.72
TEST,PA02,20.AG,0.994,0.982,0.998,0.992,1.57E-05,519.37,4.36
TEST,PA03,20.AG,0.994,0.985,0.998,0.993,1.05E-05,657.07,4.65
TEST,PA04,20.AG,0.994,0.984,0.998,0.992,1.16E-05,636.87,4.82
TEST,PA05,20.AG,0.927,0.909,0.941,0.926,6.60E-05,961.58,76.92
TEST,PA06,20.AG,0.999,0.994,1.000,0.998,2.50E-06,865.72,1.89
TEST,PA07,20.AG,0.975,0.963,0.983,0.974,2.77E-05,894.71,24.01
TEST,PA08,20.AG,0.988,0.979,0.994,0.987,1.40E-05,878.90,11.22
TEST,PA10,20.AG,0.948,0.933,0.960,0.947,4.70E-05,1008.11,56.30
TEST,PA11,20.AG,0.986,0.975,0.992,0.985,1.99E-05,741.86,11.49
TEST,CO01,21.CO,0.996,0.985,0.999,0.994,1.38E-05,452.75,2.90
TEST,CO02,21.CO,0.992,0.980,0.997,0.990,1.80E-05,521.45,5.05
TEST,CO03,21.CO,1.000,0.996,1.000,0.999,1.21E-06,697.52,0.59
TEST,CO04,21.CO,0.995,0.985,0.998,0.993,1.12E-05,580.55,3.85
TEST,CO05,21.CO,0.997,0.988,0.999,0.995,8.86E-06,576.72,3.00
TEST,CO06,21.CO,1.000,0.995,1.000,0.999,2.01E-06,629.95,0.80
TEST,CO07,21.CO,0.971,0.959,0.979,0.970,2.56E-05,1108.62,34.51
TEST,CO08,21.CO,1.000,0.997,1.000,0.999,5.75E-07,1334.24,1.03
TEST,CO09,21.CO,0.998,0.991,0.999,0.996,4.76E-06,741.95,2.65
TEST,CO10,21.CO,0.934,0.917,0.948,0.933,6.13E-05,950.11,68.24
TEST,CO11,21.CO,0.998,0.992,1.000,0.997,4.42E-06,693.38,2.15
TEST,CO12,21.CO,0.933,0.916,0.947,0.932,6.08E-05,965.35,69.92
TEST,CO13,21.CO,0.937,0.920,0.950,0.936,5.72E-05,982.40,67.40
TEST,CO14,21.CO,0.997,0.990,0.999,0.996,6.00E-06,701.75,3.00
TEST,CO15,21.CO,0.934,0.918,0.947,0.933,5.45E-05,1068.71,76.67
TEST,CO16,21.CO,0.994,0.984,0.998,0.992,1.33E-05,560.44,4.27
TEST,CO17,21.CO,0.941,0.925,0.954,0.940,5.43E-05,973.96,62.06
TEST,CO18,21.CO,0.993,0.984,0.997,0.992,1.05E-05,753.15,6.13
TEST,CO19,21.CO,0.969,0.957,0.978,0.968,3.13E-05,944.47,30.80
TEST,CO20,21.CO,0.983,0.971,0.990,0.982,2.33E-05,754.09,14.00
TEST,CO21,21.CO,0.999,0.995,1.000,0.998,1.63E-06,1184.97,2.31
TEST,CO22,21.CO,0.932,0.913,0.946,0.931,7.12E-05,843.14,62.86
TEST,CO23,21.CO,0.934,0.917,0.948,0.933,6.44E-05,900.72,64.34
TEST,KS04,22.KS,1.000,0.994,1.000,0.998,2.74E-06,663.89,1.22
TEST,KS05,22.KS,0.997,0.990,0.999,0.996,5.26E-06,813.44,3.53
TEST,KS06,22.KS,0.992,0.985,0.996,0.991,8.66E-06,976.73,8.49
TEST,KS07,22.KS,0.998,0.987,0.999,0.995,1.03E-05,437.84,2.01
TEST,KS08,22.KS,0.991,0.984,0.995,0.990,8.88E-06,1071.32,10.51
TEST,KS09,22.KS,0.953,0.937,0.964,0.952,4.90E-05,892.39,45.33
TEST,KS10,22.KS,0.994,0.983,0.998,0.992,1.54E-05,513.59,4.17
TEST,KS11,22.KS,0.998,0.990,0.999,0.996,6.68E-06,567.46,2.18
TEST,KS12,22.KS,0.933,0.917,0.947,0.933,5.93E-05,987.00,71.35
TEST,KS13,22.KS,0.993,0.984,0.997,0.992,1.16E-05,713.10,6.07
TEST,KS14,22.KS,0.997,0.989,0.999,0.995,7.27E-06,637.30,3.00
TEST,KS15,22.KS,0.992,0.983,0.996,0.991,1.14E-05,781.51,7.16
TEST,KS16,22.KS,0.994,0.984,0.998,0.993,1.22E-05,596.75,4.45
TEST,KS17,22.KS,0.964,0.948,0.975,0.963,4.81E-05,720.43,28.00
TEST,KS18,22.KS,1.000,0.991,1.000,0.998,5.19E-06,473.54,1.18
TEST,MO01,23.MO,0.990,0.981,0.995,0.989,1.26E-05,860.61,9.64
TEST,MO02,23.MO,0.997,0.990,0.999,0.996,6.09E-06,702.47,3.05
TEST,MO03,23.MO,0.900,0.880,0.918,0.900,9.24E-05,878.33,97.99
TEST,MO04,23.MO,0.996,0.986,0.999,0.994,1.07E-05,521.84,2.98
TEST,MO05,23.MO,0.966,0.951,0.977,0.965,4.15E-05,781.63,28.22
TEST,MO06,23.MO,0.943,0.928,0.955,0.942,4.87E-05,1057.04,65.09
TEST,MO07,23.MO,0.999,0.993,1.000,0.997,2.96E-06,841.31,2.11
TEST,MO08,23.MO,0.944,0.929,0.956,0.943,5.02E-05,1004.58,60.43
TEST,MO09,23.MO,0.924,0.906,0.938,0.923,7.00E-05,939.09,78.70
TEST,WR01,24.WR,0.997,0.986,0.999,0.995,1.21E-05,417.44,2.15
TEST,WR02,24.WR,0.980,0.964,0.989,0.978,3.97E-05,531.09,12.00
TEST,WR03,24.WR,0.931,0.912,0.947,0.930,8.06E-05,748.65,56.18
TEST,WR04,24.WR,0.988,0.978,0.993,0.987,1.51E-05,841.71,11.10
TEST,WR05,24.WR,0.997,0.991,0.999,0.996,5.23E-06,735.04,2.87
TEST,WR06,24.WR,0.995,0.988,0.998,0.994,6.24E-06,950.55,5.75
TEST,WR07,24.WR,0.995,0.985,0.998,0.993,1.20E-05,549.29,3.69
TEST,WR08,24.WR,0.997,0.989,0.999,0.995,7.16E-06,667.77,3.24
TEST,WR09,24.WR,0.998,0.994,1.000,0.998,2.29E-06,1071.95,2.65
TEST,WR10,24.WR,1.000,0.997,1.000,0.999,7.84E-07,833.02,0.55
TEST,WR11,24.WR,0.997,0.991,0.999,0.996,4.31E-06,856.89,3.20
TEST,WR12,24.WR,1.000,0.997,1.000,0.999,8.78E-07,1008.57,0.90
TEST,WR13,24.WR,0.971,0.958,0.980,0.970,3.19E-05,875.02,26.79
TEST,WR14,24.WR,0.998,0.991,1.000,0.997,5.13E-06,609.22,1.93
TEST,WR15,24.WR,0.992,0.981,0.996,0.990,1.63E-05,601.46,6.09
TEST,WR17,24.WR,0.999,0.995,1.000,0.998,1.72E-06,1156.51,2.31
TEST,WR18,24.WR,0.992,0.983,0.996,0.991,1.07E-05,863.99,8.24
TEST,WR19,24.WR,0.997,0.989,0.999,0.996,7.97E-06,546.21,2.41
TEST,WR20,24.WR,1.000,0.995,1.000,0.999,2.21E-06,489.94,0.53
TEST,WR21,24.WR,0.999,0.995,1.000,0.998,1.51E-06,1160.69,2.05
TEST,ST01,25.ST,1.000,0.997,1.000,0.999,8.76E-07,944.24,0.78
TEST,ST02,25.ST,0.997,0.990,0.999,0.996,5.59E-06,787.35,3.52
TEST,ST03,25.ST,1.000,0.996,1.000,0.999,1.01E-06,830.57,0.70
TEST,ST04,25.ST,0.999,0.994,1.000,0.998,2.73E-06,834.34,1.92
TEST,ST05,25.ST,0.999,0.992,1.000,0.998,3.92E-06,622.47,1.53
TEST,ST06,25.ST,0.999,0.994,1.000,0.998,2.17E-06,892.05,1.74
TEST,ST07,25.ST,1.000,0.995,1.000,0.999,1.61E-06,737.24,0.88
TEST,ST08,25.ST,1.000,0.992,1.000,0.999,4.64E-06,280.83,0.37
TEST,ST09,25.ST,0.999,0.994,1.000,0.998,2.41E-06,964.00,2.26
TEST,ST10,25.ST,1.000,0.997,1.000,0.999,8.63E-07,1060.10,0.97
TEST,ST11,25.ST,0.937,0.921,0.950,0.936,5.55E-05,1008.34,68.88
TEST,ST12,25.ST,0.936,0.921,0.948,0.935,4.56E-05,1244.09,86.40
TEST,ST13,25.ST,0.997,0.990,0.999,0.996,5.37E-06,727.96,2.88
TEST,ST14,25.ST,0.955,0.939,0.967,0.954,5.36E-05,777.60,37.37
TEST,ST15,25.ST,0.998,0.994,1.000,0.997,2.44E-06,1023.70,2.58
TEST,ST16,25.ST,1.000,0.996,1.000,0.999,1.05E-06,806.04,0.68
TEST,ST17,25.ST,0.997,0.990,0.999,0.996,4.98E-06,844.08,3.60
TEST,ST18,25.ST,0.997,0.990,0.999,0.996,5.32E-06,772.59,3.22
TEST,ST19,25.ST,0.999,0.994,1.000,0.998,2.29E-06,913.09,1.93
TEST,ST20,25.ST,0.997,0.990,0.999,0.995,5.66E-06,789.43,3.58
TEST,ST21,25.ST,0.995,0.988,0.998,0.994,7.36E-06,810.26,4.92
TEST,ST22,25.ST,1.000,0.997,1.000,0.999,5.47E-07,1032.04,0.58
TEST,ST23,25.ST,1.000,0.996,1.000,0.999,1.03E-06,681.92,0.48
TEST,ST24,25.ST,1.000,0.993,1.000,0.998,3.79E-06,399.36,0.61
TEST,ST25,25.ST,0.999,0.987,1.000,0.996,1.23E-05,343.52,1.47
TEST,ST36,25.ST,0.999,0.994,1.000,0.998,2.80E-06,705.04,1.40
TEST,TP01,26.TP,0.996,0.987,0.999,0.994,8.36E-06,660.51,3.71
TEST,TP02,26.TP,1.000,0.996,1.000,0.999,1.40E-06,719.05,0.73
TEST,TP03,26.TP,0.999,0.995,1.000,0.998,1.57E-06,1162.97,2.13
TEST,TP04,26.TP,0.999,0.994,1.000,0.998,2.60E-06,937.41,2.31
TEST,TP05,26.TP,0.999,0.993,1.000,0.997,3.26E-06,790.30,2.05
TEST,TP06,26.TP,1.000,0.997,1.000,0.999,6.14E-07,1249.47,0.96
TEST,TP07,26.TP,0.997,0.988,0.999,0.995,8.51E-06,587.03,2.98
TEST,TP08,26.TP,0.999,0.996,1.000,0.999,1.18E-06,1251.17,1.86
TEST,TP09,26.TP,0.996,0.988,0.999,0.995,7.45E-06,690.74,3.62
TEST,TP10,26.TP,0.995,0.988,0.998,0.994,7.00E-06,855.30,5.22
TEST,TP11,26.TP,1.000,0.995,1.000,0.999,1.67E-06,468.02,0.37
TEST,TP12,26.TP,1.000,0.994,1.000,0.998,2.77E-06,594.06,0.98
TEST,TP13,26.TP,0.999,0.995,1.000,0.998,1.45E-06,1132.11,1.87
TEST,TP14,26.TP,1.000,0.995,1.000,0.999,1.63E-06,792.37,1.03
TEST,TP15,26.TP,0.990,0.979,0.996,0.989,1.94E-05,573.43,6.60
TEST,TP16,26.TP,1.000,0.993,1.000,0.998,3.02E-06,650.19,1.29
TEST,TP17,26.TP,0.999,0.994,1.000,0.998,2.19E-06,894.74,1.76
TEST,TP18,26.TP,1.000,0.995,1.000,0.999,2.01E-06,724.79,1.06
TEST,TP19,26.TP,0.997,0.992,0.999,0.996,3.49E-06,1050.58,3.89
TEST,TP20,26.TP,0.997,0.989,0.999,0.996,6.76E-06,634.31,2.76
TEST,TP21,26.TP,1.000,0.993,1.000,0.999,3.47E-06,393.24,0.54
TEST,TP22,26.TP,0.941,0.924,0.953,0.940,5.57E-05,956.43,61.43
TEST,TP23,26.TP,0.997,0.992,0.999,0.996,3.42E-06,1054.90,3.86
TEST,TP24,26.TP,0.999,0.991,1.000,0.997,4.91E-06,569.69,1.61
TEST,TP25,26.TP,0.997,0.990,0.999,0.996,5.47E-06,804.42,3.59
TEST,KP01,27.KP,0.994,0.986,0.998,0.993,9.86E-06,713.91,5.14
TEST,KP03,27.KP,1.000,0.996,1.000,0.999,1.30E-06,688.59,0.62
TEST,KP04,27.KP,0.996,0.989,0.999,0.995,6.47E-06,754.96,3.75
S1,MY01,28.MY,1.000,0.997,1.000,0.999,7.76E-07,857.13,0.57
S1,MY02,28.MY,1.000,0.997,1.000,0.999,5.99E-07,1138.51,0.78
S1,MY03,28.MY,1.000,0.997,1.000,0.999,5.26E-07,1153.24,0.70
S1,MY04,28.MY,1.000,0.997,1.000,0.999,5.78E-07,1157.64,0.78
S1,MY05,28.MY,1.000,0.997,1.000,0.999,8.69E-07,810.63,0.57
S1,MY06,28.MY,1.000,0.998,1.000,1.000,4.93E-07,969.66,0.47
S1,MY07,28.MY,1.000,0.997,1.000,0.999,5.29E-07,1078.02,0.62
S1,MY08,28.MY,1.000,0.997,1.000,0.999,7.01E-07,860.83,0.52
S1,MY09,28.MY,1.000,0.998,1.000,0.999,4.74E-07,1226.81,0.72
S1,MY10,28.MY,1.000,0.996,1.000,0.999,9.97E-07,799.98,0.64
S1,MY11,28.MY,1.000,0.997,1.000,0.999,5.36E-07,1010.44,0.55
S1,MY12,28.MY,1.000,0.997,1.000,0.999,6.12E-07,942.24,0.55
S1,MY13,28.MY,1.000,0.997,1.000,0.999,5.35E-07,1131.95,0.69
S1,MY14,28.MY,1.000,0.998,1.000,1.000,2.99E-07,1428.83,0.61
S1,MY15,28.MY,1.000,0.997,1.000,0.999,7.73E-07,887.38,0.61
S1,PR01,29.PR,0.992,0.980,0.997,0.990,1.84E-05,509.26,4.93
S1,PR02,29.PR,1.000,0.998,1.000,1.000,2.53E-07,1179.11,0.35
S1,PR03,29.PR,1.000,0.995,1.000,0.999,1.89E-06,596.89,0.68
S1,73780,30.OC,1.000,0.997,1.000,0.999,7.74E-07,853.73,0.57
S1,73782,30.OC,1.000,0.994,1.000,0.998,3.04E-06,563.82,0.97
S1,73783,30.OC,1.000,0.997,1.000,0.999,5.82E-07,1136.19,0.75
S1,73787,30.OC,0.949,0.934,0.961,0.948,4.72E-05,982.91,53.45
S1,73788,30.OC,1.000,0.998,1.000,1.000,2.70E-07,1547.77,0.65
S1,73790,30.OC,1.000,0.997,1.000,0.999,5.03E-07,1239.00,0.78
S1,73791,30.OC,0.987,0.975,0.993,0.985,2.06E-05,698.44,10.54
S1,73792,30.OC,0.939,0.923,0.951,0.938,5.36E-05,1017.63,67.38
S1,73900,30.OC,1.000,0.997,1.000,0.999,5.01E-07,1409.02,1.00
S1,73903,30.OC,1.000,0.997,1.000,0.999,5.59E-07,1011.72,0.57
S1,73907,30.OC,1.000,0.998,1.000,1.000,4.50E-07,1105.35,0.55
S1,73908,30.OC,0.997,0.986,0.999,0.995,1.17E-05,427.41,2.17
S1,73917,30.OC,1.000,0.993,1.000,0.998,4.13E-06,381.75,0.61
S1,73920,30.OC,1.000,0.997,1.000,0.999,6.57E-07,797.75,0.42
S1,73933,30.OC,1.000,0.998,1.000,1.000,4.98E-07,963.07,0.46
S1,73936,30.OC,0.998,0.990,1.000,0.996,6.09E-06,576.94,2.05
S1,73937,30.OC,1.000,0.994,1.000,0.999,2.41E-06,520.65,0.66
S1,73938,30.OC,1.000,0.993,1.000,0.998,3.36E-06,446.35,0.68
S1,73940,30.OC,1.000,0.991,1.000,0.998,6.26E-06,389.79,0.96
S1,73942,30.OC,1.000,0.998,1.000,1.000,3.05E-07,1370.32,0.57
S1,73945,30.OC,0.990,0.979,0.995,0.989,1.86E-05,602.43,6.98
S1,73946,30.OC,0.998,0.988,1.000,0.996,9.99E-06,402.56,1.64
S1,73948,30.OC,1.000,0.997,1.000,0.999,7.27E-07,1070.00,0.84
S1,73953,30.OC,1.000,0.996,1.000,0.999,1.34E-06,809.53,0.88
S1,73955,30.OC,1.000,0.997,1.000,0.999,7.39E-07,754.62,0.42
S1,73958,30.OC,1.000,0.997,1.000,0.999,5.58E-07,1081.55,0.65
S1,73959,30.OC,0.987,0.975,0.993,0.985,1.99E-05,715.20,10.66
S1,73960,30.OC,1.000,0.993,1.000,0.998,3.78E-06,427.70,0.70
S1,73966,30.OC,0.998,0.987,1.000,0.996,1.12E-05,378.11,1.63
S1,73972,30.OC,0.998,0.988,0.999,0.996,9.99E-06,438.67,1.95
S1,OC01,30.OC,1.000,0.997,1.000,0.999,5.77E-07,1134.99,0.75
S1,OC02,30.OC,1.000,0.998,1.000,1.000,4.97E-07,708.48,0.25
S1,OC03,30.OC,1.000,0.995,1.000,0.999,1.81E-06,719.82,0.94
S1,OC04,30.OC,1.000,0.997,1.000,0.999,8.30E-07,1066.00,0.95
S1,OC05,30.OC,1.000,0.997,1.000,0.999,8.54E-07,783.20,0.53
S1,OC07,30.OC,1.000,0.997,1.000,0.999,7.73E-07,1135.96,1.00
S1,OC09,30.OC,1.000,0.998,1.000,0.999,3.48E-07,1678.01,0.98
S1,OC10,30.OC,1.000,0.996,1.000,0.999,1.59E-06,474.07,0.36
S1,OC11,30.OC,1.000,0.997,1.000,0.999,5.18E-07,1252.57,0.81
S1,OC12,30.OC,1.000,0.996,1.000,0.999,1.43E-06,826.08,0.98
S1,OC13,30.OC,1.000,0.997,1.000,0.999,6.87E-07,1044.33,0.75
S1,OC14,30.OC,1.000,0.997,1.000,0.999,5.86E-07,1043.05,0.64
S1,LS01,31.LS,1.000,0.994,1.000,0.999,2.99E-06,408.12,0.50
S1,LS02,31.LS,1.000,0.997,1.000,0.999,6.40E-07,1204.34,0.93
S1,LS03,31.LS,1.000,0.997,1.000,0.999,4.85E-07,1204.71,0.71
S1,MA01,32.MA,1.000,0.996,1.000,0.999,1.08E-06,915.42,0.91
S1,MA04,32.MA,1.000,0.997,1.000,0.999,7.22E-07,1051.06,0.80
S1,MA05,32.MA,1.000,0.997,1.000,0.999,6.20E-07,889.71,0.49
S1,MA06,32.MA,1.000,0.995,1.000,0.999,2.31E-06,531.71,0.66
S1,MA07,32.MA,1.000,0.996,1.000,0.999,1.25E-06,795.44,0.80
S1,MA08,32.MA,1.000,0.998,1.000,0.999,3.69E-07,1525.72,0.86
S1,MA09,32.MA,1.000,0.997,1.000,0.999,6.81E-07,956.84,0.63
S1,MA10,32.MA,1.000,0.997,1.000,0.999,5.39E-07,1011.29,0.55
S1,MA11,32.MA,1.000,0.996,1.000,0.999,9.48E-07,939.66,0.84
S1,MA12,32.MA,1.000,0.997,1.000,1.000,6.74E-07,670.16,0.30
S1,MA13,32.MA,1.000,0.997,1.000,0.999,5.29E-07,1153.22,0.71
S1,MA14,32.MA,1.000,0.998,1.000,1.000,2.77E-07,1704.30,0.81
S1,MA15,32.MA,1.000,0.997,1.000,0.999,4.76E-07,1349.91,0.87
S1,CH01,33.CH,1.000,0.994,1.000,0.998,2.60E-06,644.44,1.09
S1,CH02,33.CH,1.000,0.997,1.000,0.999,5.85E-07,1125.35,0.74
S1,CH03,33.CH,0.999,0.987,1.000,0.996,1.14E-05,355.96,1.46
S1,CH04,33.CH,1.000,0.995,1.000,0.999,1.79E-06,569.70,0.58
S1,CH05,33.CH,1.000,0.996,1.000,0.999,9.47E-07,957.69,0.87
S1,CH06,33.CH,1.000,0.997,1.000,0.999,6.15E-07,1108.96,0.76
S1,CH07,33.CH,0.988,0.974,0.994,0.986,2.68E-05,508.90,7.27
S1,CH08,33.CH,1.000,0.998,1.000,0.999,4.82E-07,1075.99,0.56
S1,CH09,33.CH,1.000,0.994,1.000,0.998,3.00E-06,499.56,0.75
S1,CH10,33.CH,1.000,0.993,1.000,0.999,3.83E-06,305.56,0.36
S1,CH11,33.CH,1.000,0.992,1.000,0.998,4.29E-06,526.71,1.20
S1,CH12,33.CH,1.000,0.998,1.000,1.000,5.04E-07,749.41,0.28
S1,CH13,33.CH,1.000,0.997,1.000,1.000,5.22E-07,897.20,0.42
S1,CH14,33.CH,1.000,0.993,1.000,0.998,3.36E-06,490.29,0.81
S1,CH15,33.CH,0.992,0.979,0.997,0.990,2.09E-05,466.51,4.71
S1,CH16,33.CH,1.000,0.996,1.000,0.999,1.33E-06,569.89,0.43
S1,CH17,33.CH,0.964,0.950,0.974,0.963,3.53E-05,974.07,37.52
S1,CH18,33.CH,0.995,0.983,0.998,0.993,1.60E-05,442.77,3.22
S1,CH19,33.CH,0.997,0.986,0.999,0.995,1.31E-05,402.61,2.17
S1,CH20,33.CH,0.987,0.976,0.993,0.986,2.04E-05,677.72,9.79
S1,LH01,34.LH,0.998,0.985,1.000,0.995,1.54E-05,313.77,1.55
S1,LH02,34.LH,1.000,0.998,1.000,1.000,2.78E-07,1727.30,0.83
S1,LH03,34.LH,0.999,0.989,1.000,0.996,8.85E-06,421.39,1.59
S1,LH04,34.LH,0.997,0.984,0.999,0.994,1.70E-05,334.18,1.94
S1,LH05,34.LH,1.000,0.996,1.000,0.999,1.05E-06,827.08,0.72
S1,LH06,34.LH,0.976,0.963,0.985,0.975,3.37E-05,699.38,17.82
S1,LH07,34.LH,1.000,0.994,1.000,0.999,3.15E-06,444.15,0.63
S1,LH08,34.LH,1.000,0.992,1.000,0.998,4.44E-06,412.27,0.76
S1,LH09,34.LH,1.000,0.997,1.000,0.999,8.85E-07,951.22,0.80
S1,LH10,34.LH,1.000,0.997,1.000,0.999,8.79E-07,857.99,0.65
S1,LH11,34.LH,1.000,0.997,1.000,0.999,6.67E-07,1099.80,0.81
S1,LH12,34.LH,1.000,0.994,1.000,0.999,2.76E-06,446.73,0.55
S1,LH13,34.LH,1.000,0.992,1.000,0.998,4.25E-06,443.25,0.84
S1,LH15,34.LH,1.000,0.996,1.000,0.999,1.04E-06,831.01,0.72